Timestamp, Core, Detected, DropEstimation, InEstimation, OutEstimation, DropReal, InReal, OutReal, Collusion
24.5,'10.0.0.5;',0,0,0,0,0, 0, 0,0
24.5,'10.0.0.8;',0,0,0,0,0, 0, 0,0
24.5,'10.0.0.9;',0,0,0,0,0, 0, 0,0
24.5,'10.0.0.25;',0,0,0,0,0, 0, 0,0
24.5,'10.0.0.15;',0,0,0,0,0, 0, 0,0
24.5,'10.0.0.7;',0,0,0,0,0, 0, 0,0
24.5,'10.0.0.21;',0,0,0,0,0, 0, 0,0
24.5,'10.0.0.24;',0,0,0,0,0, 0, 0,0
24.5,'10.0.0.6;',0,0,0,0,0, 0, 0,0
24.5,'10.0.0.14;',0,0,0,0,0, 0, 0,0
24.5,'10.0.0.22;',0,0,0,0,0, 0, 0,0
24.5,'10.0.0.28;',0,0,0,0,0, 0, 0,0
24.5,'10.0.0.27;',0,0,0,0,0, 0, 0,0
24.5,'10.0.0.11;',0,0,0,0,0, 0, 0,0
24.5,'10.0.0.1;',0,0,0,0,0, 0, 0,0
24.5,'10.0.0.3;',0,0,0,0,0, 0, 0,0
24.5,'10.0.0.2;',0,0,0,0,0, 0, 0,0
24.5,'10.0.0.16;',0,0,0,0,0, 0, 0,0
24.5,'10.0.0.26;',0,0,0,0,0, 0, 0,0
24.5,'10.0.0.12;',0,0,0,0,0, 0, 0,0
24.5,'10.0.0.17;',0,0,0,0,0, 0, 0,0
24.5,'10.0.0.13;',0,0,0,0,0, 0, 0,0
24.5,'10.0.0.20;',0,0,0,0,0, 0, 0,0
24.5,'10.0.0.23;',0,0,0,0,0, 0, 0,0
24.5,'10.0.0.4;',0,0,0,0,0, 0, 0,0
24.5,'10.0.0.19;',0,0,0,0,0, 0, 0,0
24.5,'10.0.0.18;',0,0,0,0,0, 0, 0,0
24.5,'10.0.0.10;',0,0,0,0,0, 0, 0,0
29.5,'10.0.0.5;',0,0,0,0,0, 0, 0,0
29.5,'10.0.0.8;',0,0,0,0,0, 0, 0,0
29.5,'10.0.0.9;',0,0,0,0,0, 0, 0,0
29.5,'10.0.0.25;',0,0,0,0,0, 0, 0,0
29.5,'10.0.0.15;',0,0,0,0,0, 0, 0,0
29.5,'10.0.0.7;',0,0,0,0,0, 0, 0,0
29.5,'10.0.0.21;',0,0,0,0,0, 0, 0,0
29.5,'10.0.0.24;',0,0,0,0,0, 0, 0,0
29.5,'10.0.0.6;',0,0,0,0,0, 0, 0,0
29.5,'10.0.0.14;',0,0,0,0,0, 0, 0,0
29.5,'10.0.0.22;',0,0,0,0,0, 0, 0,0
29.5,'10.0.0.28;',0,0,0,0,0, 0, 0,0
29.5,'10.0.0.27;',0,0,0,0,0, 0, 0,0
29.5,'10.0.0.11;',0,0,0,0,0, 0, 0,0
29.5,'10.0.0.1;',0,0,0,0,0, 0, 0,0
29.5,'10.0.0.3;',0,0,0,0,0, 0, 0,0
29.5,'10.0.0.2;',0,0,0,0,0, 0, 0,0
29.5,'10.0.0.16;',0,0,0,0,0, 0, 0,0
29.5,'10.0.0.26;',0,0,0,0,0, 0, 0,0
29.5,'10.0.0.12;',0,0,0,0,0, 0, 0,0
29.5,'10.0.0.17;',0,0,0,0,0, 0, 0,0
29.5,'10.0.0.13;',0,0,0,0,0, 0, 0,0
29.5,'10.0.0.20;',0,0,0,0,0, 0, 0,0
29.5,'10.0.0.23;',0,0,0,0,0, 0, 0,0
29.5,'10.0.0.4;',0,0,0,0,0, 0, 0,0
29.5,'10.0.0.19;',0,0,0,0,0, 0, 0,0
29.5,'10.0.0.18;',0,0,0,0,0, 0, 0,0
29.5,'10.0.0.10;',0,0,0,0,0, 0, 0,0
34.5,'10.0.0.5;',0,0,0,0,0, 0, 0,0
34.5,'10.0.0.8;',0,0,0,0,0, 0, 0,0
34.5,'10.0.0.9;',0,0,0,0,0, 0, 0,0
34.5,'10.0.0.25;',0,0,0,0,0, 0, 0,0
34.5,'10.0.0.15;',0,0,0,0,0, 0, 0,0
34.5,'10.0.0.7;',0,0,0,0,0, 0, 0,0
34.5,'10.0.0.21;',0,0,0,0,0, 0, 0,0
34.5,'10.0.0.24;',0,0,0,0,0, 0, 0,0
34.5,'10.0.0.6;',0,0,0,0,0, 0, 0,0
34.5,'10.0.0.14;',0,0,0,0,0, 0, 0,0
34.5,'10.0.0.22;',0,0,0,0,0, 0, 0,0
34.5,'10.0.0.28;',0,0,0,0,0, 0, 0,0
34.5,'10.0.0.27;',0,0,0,0,0, 0, 0,0
34.5,'10.0.0.11;',0,0,0,0,0, 0, 0,0
34.5,'10.0.0.1;',0,0,0,0,0, 0, 0,0
34.5,'10.0.0.3;',0,0,0,0,0, 0, 0,0
34.5,'10.0.0.2;',0,0,0,0,0, 0, 0,0
34.5,'10.0.0.16;',0,0,0,0,0, 0, 0,0
34.5,'10.0.0.26;',0,0,0,0,0, 0, 0,0
34.5,'10.0.0.12;',0,0,0,0,0, 0, 0,0
34.5,'10.0.0.17;',0,0,0,0,0, 0, 0,0
34.5,'10.0.0.13;',0,0,0,0,0, 0, 0,0
34.5,'10.0.0.20;',0,0,0,0,0, 0, 0,0
34.5,'10.0.0.23;',0,0,0,0,0, 0, 0,0
34.5,'10.0.0.4;',0,0,0,0,0, 0, 0,0
34.5,'10.0.0.19;',0,0,0,0,0, 0, 0,0
34.5,'10.0.0.18;',0,0,0,0,0, 0, 0,0
34.5,'10.0.0.10;',0,0,0,0,0, 0, 0,0
39.5,'10.0.0.5;',0,0,0,0,0, 0, 0,0
39.5,'10.0.0.8;',0,0,0,0,0, 0, 0,0
39.5,'10.0.0.9;',0,0,0,0,0, 0, 0,0
39.5,'10.0.0.25;',0,0,0,0,0, 0, 0,0
39.5,'10.0.0.15;',0,0,0,0,0, 0, 0,0
39.5,'10.0.0.7;',0,0,0,0,0, 0, 0,0
39.5,'10.0.0.21;',0,0,0,0,0, 0, 0,0
39.5,'10.0.0.24;',0,0,0,0,0, 0, 0,0
39.5,'10.0.0.6;',0,0,0,0,0, 0, 0,0
39.5,'10.0.0.14;',0,0,0,0,0, 0, 0,0
39.5,'10.0.0.22;',0,0,0,0,0, 0, 0,0
39.5,'10.0.0.28;',0,0,0,0,0, 0, 0,0
39.5,'10.0.0.27;',0,0,0,0,0, 0, 0,0
39.5,'10.0.0.11;',0,0,0,0,0, 0, 0,0
39.5,'10.0.0.1;',0,0,0,0,0, 0, 0,0
39.5,'10.0.0.3;',0,0,0,0,0, 0, 0,0
39.5,'10.0.0.2;',0,0,0,0,0, 0, 0,0
39.5,'10.0.0.16;',0,0,0,0,0, 0, 0,0
39.5,'10.0.0.26;',0,0,0,0,0, 0, 0,0
39.5,'10.0.0.12;',0,0,0,0,0, 0, 0,0
39.5,'10.0.0.17;',0,0,0,0,0, 0, 0,0
39.5,'10.0.0.13;',0,0,0,0,0, 0, 0,0
39.5,'10.0.0.20;',0,0,0,0,0, 0, 0,0
39.5,'10.0.0.23;',0,0,0,0,0, 0, 0,0
39.5,'10.0.0.4;',0,0,0,0,0, 0, 0,0
39.5,'10.0.0.19;',0,0,0,0,0, 0, 0,0
39.5,'10.0.0.18;',0,0,0,0,0, 0, 0,0
39.5,'10.0.0.10;',0,0,0,0,0, 0, 0,0
44.5,'10.0.0.5;',0,0,0,0,0, 0, 0,0
44.5,'10.0.0.8;',0,0,0,0,0, 0, 0,0
44.5,'10.0.0.9;',0,0,0,0,0, 0, 0,0
44.5,'10.0.0.25;',0,0,0,0,0, 0, 0,0
44.5,'10.0.0.15;',0,0,0,0,0, 0, 0,0
44.5,'10.0.0.7;',0,0,0,0,0, 0, 0,0
44.5,'10.0.0.21;',0,0,0,0,0, 0, 0,0
44.5,'10.0.0.24;',0,0,0,0,0, 0, 0,0
44.5,'10.0.0.6;',0,0,0,0,0, 0, 0,0
44.5,'10.0.0.14;',0,0,0,0,0, 0, 0,0
44.5,'10.0.0.22;',0,0,0,0,0, 0, 0,0
44.5,'10.0.0.28;',0,0,0,0,0, 0, 0,0
44.5,'10.0.0.27;',0,0,0,0,0, 0, 0,0
44.5,'10.0.0.11;',0,0,0,0,0, 0, 0,0
44.5,'10.0.0.1;',0,0,0,0,0, 0, 0,0
44.5,'10.0.0.3;',0,0,0,0,0, 0, 0,0
44.5,'10.0.0.2;',0,0,0,0,0, 0, 0,0
44.5,'10.0.0.16;',0,0,0,0,0, 0, 0,0
44.5,'10.0.0.26;',0,0,0,0,0, 0, 0,0
44.5,'10.0.0.12;',0,0,0,0,0, 0, 0,0
44.5,'10.0.0.17;',0,0,0,0,0, 0, 0,0
44.5,'10.0.0.13;',0,0,0,0,0, 0, 0,0
44.5,'10.0.0.20;',0,0,0,0,0, 0, 0,0
44.5,'10.0.0.23;',0,0,0,0,0, 0, 0,0
44.5,'10.0.0.4;',0,0,0,0,0, 0, 0,0
44.5,'10.0.0.19;',0,0,0,0,0, 0, 0,0
44.5,'10.0.0.18;',0,0,0,0,0, 0, 0,0
44.5,'10.0.0.10;',0,0,0,0,0, 0, 0,0
49.5,'10.0.0.5;',0,0,0,0,0, 0, 0,0
49.5,'10.0.0.8;',0,0,0,0,0, 0, 0,0
49.5,'10.0.0.9;',0,0,0,0,0, 0, 0,0
49.5,'10.0.0.25;',0,0,0,0,0, 0, 0,0
49.5,'10.0.0.15;',0,0,0,0,0, 0, 0,0
49.5,'10.0.0.7;',0,0,0,0,0, 0, 0,0
49.5,'10.0.0.21;',0,0,0,0,0, 0, 0,0
49.5,'10.0.0.24;',0,0,0,0,0, 0, 0,0
49.5,'10.0.0.6;',0,0,0,0,0, 0, 0,0
49.5,'10.0.0.14;',0,0,0,0,0, 0, 0,0
49.5,'10.0.0.22;',0,0,0,0,0, 0, 0,0
49.5,'10.0.0.28;',0,0,0,0,0, 0, 0,0
49.5,'10.0.0.27;',0,0,0,0,0, 0, 0,0
49.5,'10.0.0.11;',0,0,0,0,0, 0, 0,0
49.5,'10.0.0.1;',0,0,0,0,0, 0, 0,0
49.5,'10.0.0.3;',0,0,0,0,0, 0, 0,0
49.5,'10.0.0.2;',0,0,0,0,0, 0, 0,0
49.5,'10.0.0.16;',0,0,0,0,0, 0, 0,0
49.5,'10.0.0.26;',0,0,0,0,0, 0, 0,0
49.5,'10.0.0.12;',0,0,0,0,0, 0, 0,0
49.5,'10.0.0.17;',0,0,0,0,0, 0, 0,0
49.5,'10.0.0.13;',0,0,0,0,0, 0, 0,0
49.5,'10.0.0.20;',0,0,0,0,0, 0, 0,0
49.5,'10.0.0.23;',0,0,0,0,0, 0, 0,0
49.5,'10.0.0.4;',0,0,0,0,0, 0, 0,0
49.5,'10.0.0.19;',0,0,0,0,0, 0, 0,0
49.5,'10.0.0.18;',0,0,0,0,0, 0, 0,0
49.5,'10.0.0.10;',0,0,0,0,0, 0, 0,0
54.5,'10.0.0.5;',0,0,0,0,0, 0, 0,0
54.5,'10.0.0.8;',0,0,0,0,0, 0, 0,0
54.5,'10.0.0.9;',0,0,0,0,0, 0, 0,0
54.5,'10.0.0.25;',0,0,0,0,0, 0, 0,0
54.5,'10.0.0.15;',0,0,0,0,0, 0, 0,0
54.5,'10.0.0.7;',0,0,0,0,0, 0, 0,0
54.5,'10.0.0.21;',0,0,0,0,0, 0, 0,0
54.5,'10.0.0.24;',0,0,0,0,0, 0, 0,0
54.5,'10.0.0.6;',0,0,0,0,0, 0, 0,0
54.5,'10.0.0.14;',0,0,0,0,0, 0, 0,0
54.5,'10.0.0.22;',0,0,0,0,0, 0, 0,0
54.5,'10.0.0.28;',0,0,0,0,0, 0, 0,0
54.5,'10.0.0.27;',0,0,0,0,0, 0, 0,0
54.5,'10.0.0.11;',0,0,0,0,0, 0, 0,0
54.5,'10.0.0.1;',0,0,0,0,0, 0, 0,0
54.5,'10.0.0.3;',0,0,0,0,0, 0, 0,0
54.5,'10.0.0.2;',0,0,0,0,0, 0, 0,0
54.5,'10.0.0.16;',0,0,0,0,0, 0, 0,0
54.5,'10.0.0.26;',0,0,0,0,0, 0, 0,0
54.5,'10.0.0.12;',0,0,0,0,0, 0, 0,0
54.5,'10.0.0.17;',0,0,0,0,0, 0, 0,0
54.5,'10.0.0.13;',0,0,0,0,0, 0, 0,0
54.5,'10.0.0.20;',0,0,0,0,0, 0, 0,0
54.5,'10.0.0.23;',0,0,0,0,0, 0, 0,0
54.5,'10.0.0.4;',0,0,0,0,0, 0, 0,0
54.5,'10.0.0.19;',0,0,0,0,0, 0, 0,0
54.5,'10.0.0.18;',0,0,0,0,0, 0, 0,0
54.5,'10.0.0.10;',0,0,0,0,0, 0, 0,0
59.5,'10.0.0.5;',0,0,0,0,0, 0, 0,0
59.5,'10.0.0.8;',0,0,0,0,0, 0, 0,0
59.5,'10.0.0.9;',0,0,0,0,0, 0, 0,0
59.5,'10.0.0.25;',0,0,0,0,0, 0, 0,0
59.5,'10.0.0.15;',0,0,0,0,0, 0, 0,0
59.5,'10.0.0.7;',0,0,0,0,0, 0, 0,0
59.5,'10.0.0.21;',0,0,0,0,0, 0, 0,0
59.5,'10.0.0.24;',0,0,0,0,0, 0, 0,0
59.5,'10.0.0.6;',0,0,0,0,0, 0, 0,0
59.5,'10.0.0.14;',0,0,0,0,0, 0, 0,0
59.5,'10.0.0.22;',0,0,0,0,0, 0, 0,0
59.5,'10.0.0.28;',0,0,0,0,0, 0, 0,0
59.5,'10.0.0.27;',0,0,0,0,0, 0, 0,0
59.5,'10.0.0.11;',0,0,0,0,0, 0, 0,0
59.5,'10.0.0.1;',0,0,0,0,0, 0, 0,0
59.5,'10.0.0.3;',0,0,0,0,0, 0, 0,0
59.5,'10.0.0.2;',0,0,0,0,0, 0, 0,0
59.5,'10.0.0.16;',0,0,0,0,0, 0, 0,0
59.5,'10.0.0.26;',0,0,0,0,0, 0, 0,0
59.5,'10.0.0.12;',0,0,0,0,0, 0, 0,0
59.5,'10.0.0.17;',0,0,0,0,0, 0, 0,0
59.5,'10.0.0.13;',0,0,0,0,0, 0, 0,0
59.5,'10.0.0.20;',0,0,0,0,0, 0, 0,0
59.5,'10.0.0.23;',0,0,0,0,0, 0, 0,0
59.5,'10.0.0.4;',0,0,0,0,0, 0, 0,0
59.5,'10.0.0.19;',0,0,0,0,0, 0, 0,0
59.5,'10.0.0.18;',0,0,0,0,0, 0, 0,0
59.5,'10.0.0.10;',0,0,0,0,0, 0, 0,0
64.5,'10.0.0.5;',0,0,0,0,0, 0, 0,0
64.5,'10.0.0.8;',0,0,0,0,0, 0, 0,0
64.5,'10.0.0.9;',0,0,0,0,0, 0, 0,0
64.5,'10.0.0.25;',0,0,0,0,0, 0, 0,0
64.5,'10.0.0.15;',0,0,0,0,0, 0, 0,0
64.5,'10.0.0.7;',0,0,0,0,0, 0, 0,0
64.5,'10.0.0.21;',0,0,0,0,0, 0, 0,0
64.5,'10.0.0.24;',0,0,0,0,0, 0, 0,0
64.5,'10.0.0.6;',0,0,0,0,0, 0, 0,0
64.5,'10.0.0.14;',0,0,0,0,0, 0, 0,0
64.5,'10.0.0.22;',0,0,0,0,0, 0, 0,0
64.5,'10.0.0.28;',0,0,0,0,0, 0, 0,0
64.5,'10.0.0.27;',0,0,0,0,0, 0, 0,0
64.5,'10.0.0.11;',0,0,0,0,0, 0, 0,0
64.5,'10.0.0.1;',0,0,0,0,0, 0, 0,0
64.5,'10.0.0.3;',0,0,0,0,0, 0, 0,0
64.5,'10.0.0.2;',0,0,0,0,0, 0, 0,0
64.5,'10.0.0.16;',0,0,0,0,0, 0, 0,0
64.5,'10.0.0.26;',0,0,0,0,0, 0, 0,0
64.5,'10.0.0.12;',0,0,0,0,0, 0, 0,0
64.5,'10.0.0.17;',0,0,0,0,0, 0, 0,0
64.5,'10.0.0.13;',0,0,0,0,0, 0, 0,0
64.5,'10.0.0.20;',0,0,0,0,0, 0, 0,0
64.5,'10.0.0.23;',0,0,0,0,0, 0, 0,0
64.5,'10.0.0.4;',0,0,0,0,0, 0, 0,0
64.5,'10.0.0.19;',0,0,0,0,0, 0, 0,0
64.5,'10.0.0.18;',0,0,0,0,0, 0, 0,0
64.5,'10.0.0.10;',0,0,0,0,0, 0, 0,0
69.5,'10.0.0.5;',0,0,0,0,0, 0, 0,0
69.5,'10.0.0.8;',0,0,0,0,0, 0, 0,0
69.5,'10.0.0.9;',0,0,0,0,0, 0, 0,0
69.5,'10.0.0.25;',0,0,0,0,0, 0, 0,0
69.5,'10.0.0.15;',0,0,0,0,0, 0, 0,0
69.5,'10.0.0.7;',0,0,0,0,0, 0, 0,0
69.5,'10.0.0.21;',0,0,0,0,0, 0, 0,0
69.5,'10.0.0.24;',0,0,0,0,0, 0, 0,0
69.5,'10.0.0.6;',0,0,0,0,0, 0, 0,0
69.5,'10.0.0.14;',0,0,0,0,0, 0, 0,0
69.5,'10.0.0.22;',0,0,0,0,0, 0, 0,0
69.5,'10.0.0.28;',0,0,0,0,0, 0, 0,0
69.5,'10.0.0.27;',0,0,0,0,0, 0, 0,0
69.5,'10.0.0.11;',0,0,0,0,0, 0, 0,0
69.5,'10.0.0.1;',0,0,0,0,0, 0, 0,0
69.5,'10.0.0.3;',0,0,0,0,0, 0, 0,0
69.5,'10.0.0.2;',0,0,0,0,0, 0, 0,0
69.5,'10.0.0.16;',0,0,0,0,0, 0, 0,0
69.5,'10.0.0.26;',0,0,0,0,0, 0, 0,0
69.5,'10.0.0.12;',0,0,0,0,0, 0, 0,0
69.5,'10.0.0.17;',0,0,0,0,0, 0, 0,0
69.5,'10.0.0.13;',0,0,0,0,0, 0, 0,0
69.5,'10.0.0.20;',0,0,0,0,0, 0, 0,0
69.5,'10.0.0.23;',0,0,0,0,0, 0, 0,0
69.5,'10.0.0.4;',0,0,0,0,0, 0, 0,0
69.5,'10.0.0.19;',0,0,0,0,0, 0, 0,0
69.5,'10.0.0.18;',0,0,0,0,0, 0, 0,0
69.5,'10.0.0.10;',0,0,0,0,0, 0, 0,0
74.5,'10.0.0.5;',0,0,0,0,0, 0, 0,0
74.5,'10.0.0.8;',0,0,0,0,0, 0, 0,0
74.5,'10.0.0.9;',0,0,0,0,0, 0, 0,0
74.5,'10.0.0.25;',0,0,0,0,0, 0, 0,0
74.5,'10.0.0.15;',0,0,0,0,0, 0, 0,0
74.5,'10.0.0.7;',0,0,0,0,0, 0, 0,0
74.5,'10.0.0.21;',0,0,0,0,0, 0, 0,0
74.5,'10.0.0.24;',0,0,0,0,0, 0, 0,0
74.5,'10.0.0.6;',0,0,0,0,0, 0, 0,0
74.5,'10.0.0.14;',0,0,0,0,0, 0, 0,0
74.5,'10.0.0.22;',0,0,0,0,0, 0, 0,0
74.5,'10.0.0.28;',0,0,0,0,0, 0, 0,0
74.5,'10.0.0.27;',0,0,0,0,0, 0, 0,0
74.5,'10.0.0.11;',0,0,0,0,0, 0, 0,0
74.5,'10.0.0.1;',0,0,0,0,0, 0, 0,0
74.5,'10.0.0.3;',0,0,0,0,0, 0, 0,0
74.5,'10.0.0.2;',0,0,0,0,0, 0, 0,0
74.5,'10.0.0.16;',0,0,0,0,0, 0, 0,0
74.5,'10.0.0.26;',0,0,0,0,0, 0, 0,0
74.5,'10.0.0.12;',0,0,0,0,0, 0, 0,0
74.5,'10.0.0.17;',0,0,0,0,0, 0, 0,0
74.5,'10.0.0.13;',0,0,0,0,0, 0, 0,0
74.5,'10.0.0.20;',0,0,0,0,0, 0, 0,0
74.5,'10.0.0.23;',0,0,0,0,0, 0, 0,0
74.5,'10.0.0.4;',0,0,0,0,0, 0, 0,0
74.5,'10.0.0.19;',0,0,0,0,0, 0, 0,0
74.5,'10.0.0.18;',0,0,0,0,0, 0, 0,0
74.5,'10.0.0.10;',0,0,0,0,0, 0, 0,0
79.5,'10.0.0.5;',0,0,0,0,0, 0, 0,0
79.5,'10.0.0.8;',0,0,0,0,0, 0, 0,0
79.5,'10.0.0.9;',0,0,0,0,0, 0, 0,0
79.5,'10.0.0.25;',0,0,0,0,0, 0, 0,0
79.5,'10.0.0.15;',0,0,0,0,0, 0, 0,0
79.5,'10.0.0.7;',0,0,0,0,0, 0, 0,0
79.5,'10.0.0.21;',0,0,0,0,0, 0, 0,0
79.5,'10.0.0.24;',0,0,0,0,0, 0, 0,0
79.5,'10.0.0.6;',0,0,0,0,0, 0, 0,0
79.5,'10.0.0.14;',0,0,0,0,0, 0, 0,0
79.5,'10.0.0.22;',0,0,0,0,0, 0, 0,0
79.5,'10.0.0.28;',0,0,0,0,0, 0, 0,0
79.5,'10.0.0.27;',0,0,0,0,0, 0, 0,0
79.5,'10.0.0.11;',0,0,0,0,0, 0, 0,0
79.5,'10.0.0.1;',0,0,0,0,0, 0, 0,0
79.5,'10.0.0.3;',0,0,0,0,0, 0, 0,0
79.5,'10.0.0.2;',0,0,0,0,0, 0, 0,0
79.5,'10.0.0.16;',0,0,0,0,0, 0, 0,0
79.5,'10.0.0.26;',0,0,0,0,0, 0, 0,0
79.5,'10.0.0.12;',0,0,0,0,0, 0, 0,0
79.5,'10.0.0.17;',0,0,0,0,0, 0, 0,0
79.5,'10.0.0.13;',0,0,0,0,0, 0, 0,0
79.5,'10.0.0.20;',0,0,0,0,0, 0, 0,0
79.5,'10.0.0.23;',0,0,0,0,0, 0, 0,0
79.5,'10.0.0.4;',0,0,0,0,0, 0, 0,0
79.5,'10.0.0.19;',0,0,0,0,0, 0, 0,0
79.5,'10.0.0.18;',0,0,0,0,0, 0, 0,0
79.5,'10.0.0.10;',0,0,0,0,0, 0, 0,0
84.5,'10.0.0.5;',0,0,0,0,0, 0, 0,0
84.5,'10.0.0.8;',0,0,0,0,0, 0, 0,0
84.5,'10.0.0.9;',0,0,0,0,0, 0, 0,0
84.5,'10.0.0.25;',0,0,0,0,0, 0, 0,0
84.5,'10.0.0.15;',0,0,0,0,0, 0, 0,0
84.5,'10.0.0.7;',0,0,0,0,0, 0, 0,0
84.5,'10.0.0.21;',0,0,0,0,0, 0, 0,0
84.5,'10.0.0.24;',0,0,0,0,0, 0, 0,0
84.5,'10.0.0.6;',0,0,0,0,0, 0, 0,0
84.5,'10.0.0.14;',0,0,0,0,0, 0, 0,0
84.5,'10.0.0.22;',0,0,0,0,0, 0, 0,0
84.5,'10.0.0.28;',0,0,0,0,0, 0, 0,0
84.5,'10.0.0.27;',0,0,0,0,0, 0, 0,0
84.5,'10.0.0.11;',0,0,0,0,0, 0, 0,0
84.5,'10.0.0.1;',0,0,0,0,0, 0, 0,0
84.5,'10.0.0.3;',0,0,0,0,0, 0, 0,0
84.5,'10.0.0.2;',0,0,0,0,0, 0, 0,0
84.5,'10.0.0.16;',0,0,0,0,0, 0, 0,0
84.5,'10.0.0.26;',0,0,0,0,0, 0, 0,0
84.5,'10.0.0.12;',0,0,0,0,0, 0, 0,0
84.5,'10.0.0.17;',0,0,0,0,0, 0, 0,0
84.5,'10.0.0.13;',0,0,0,0,0, 0, 0,0
84.5,'10.0.0.20;',0,0,0,0,0, 0, 0,0
84.5,'10.0.0.23;',0,0,0,0,0, 0, 0,0
84.5,'10.0.0.4;',0,0,0,0,0, 0, 0,0
84.5,'10.0.0.19;',0,0,0,0,0, 0, 0,0
84.5,'10.0.0.18;',0,0,0,0,0, 0, 0,0
84.5,'10.0.0.10;',0,0,0,0,0, 0, 0,0
89.5,'10.0.0.5;',0,0,0,0,0, 0, 0,0
89.5,'10.0.0.8;',0,0,0,0,0, 0, 0,0
89.5,'10.0.0.9;',0,0,0,0,0, 0, 0,0
89.5,'10.0.0.25;',0,0,0,0,0, 0, 0,0
89.5,'10.0.0.15;',0,0,0,0,0, 0, 0,0
89.5,'10.0.0.7;',0,0,0,0,0, 0, 0,0
89.5,'10.0.0.21;',0,0,0,0,0, 0, 0,0
89.5,'10.0.0.24;',0,0,0,0,0, 0, 0,0
89.5,'10.0.0.6;',0,0,0,0,0, 0, 0,0
89.5,'10.0.0.14;',0,0,0,0,0, 0, 0,0
89.5,'10.0.0.22;',0,0,0,0,0, 0, 0,0
89.5,'10.0.0.28;',0,0,0,0,0, 0, 0,0
89.5,'10.0.0.27;',0,0,0,0,0, 0, 0,0
89.5,'10.0.0.11;',0,0,0,0,0, 0, 0,0
89.5,'10.0.0.1;',0,0,0,0,0, 0, 0,0
89.5,'10.0.0.3;',0,0,0,0,0, 0, 0,0
89.5,'10.0.0.2;',0,0,0,0,0, 0, 0,0
89.5,'10.0.0.16;',0,0,0,0,0, 0, 0,0
89.5,'10.0.0.26;',0,0,0,0,0, 0, 0,0
89.5,'10.0.0.12;',0,0,0,0,0, 0, 0,0
89.5,'10.0.0.17;',0,0,0,0,0, 0, 0,0
89.5,'10.0.0.13;',0,0,0,0,0, 0, 0,0
89.5,'10.0.0.20;',0,0,0,0,0, 0, 0,0
89.5,'10.0.0.23;',0,0,0,0,0, 0, 0,0
89.5,'10.0.0.4;',0,0,0,0,0, 0, 0,0
89.5,'10.0.0.19;',0,0,0,0,0, 0, 0,0
89.5,'10.0.0.18;',0,0,0,0,0, 0, 0,0
89.5,'10.0.0.10;',0,0,0,0,0, 0, 0,0
94.5,'10.0.0.5;',0,0,0,0,0, 0, 0,0
94.5,'10.0.0.8;',0,0,0,0,0, 0, 0,0
94.5,'10.0.0.9;',0,0,0,0,0, 0, 0,0
94.5,'10.0.0.25;',0,0,0,0,0, 0, 0,0
94.5,'10.0.0.15;',0,0,0,0,0, 0, 0,0
94.5,'10.0.0.7;',0,0,0,0,0, 0, 0,0
94.5,'10.0.0.21;',0,0,0,0,0, 0, 0,0
94.5,'10.0.0.24;',0,0,0,0,0, 0, 0,0
94.5,'10.0.0.6;',0,0,0,0,0, 0, 0,0
94.5,'10.0.0.14;',0,0,0,0,0, 0, 0,0
94.5,'10.0.0.22;',0,0,0,0,0, 0, 0,0
94.5,'10.0.0.28;',0,0,0,0,0, 0, 0,0
94.5,'10.0.0.27;',0,0,0,0,0, 0, 0,0
94.5,'10.0.0.11;',0,0,0,0,0, 0, 0,0
94.5,'10.0.0.1;',0,0,0,0,0, 0, 0,0
94.5,'10.0.0.3;',0,0,0,0,0, 0, 0,0
94.5,'10.0.0.2;',0,0,0,0,0, 0, 0,0
94.5,'10.0.0.16;',0,0,0,0,0, 0, 0,0
94.5,'10.0.0.26;',0,0,0,0,0, 0, 0,0
94.5,'10.0.0.12;',0,0,0,0,0, 0, 0,0
94.5,'10.0.0.17;',0,0,0,0,0, 0, 0,0
94.5,'10.0.0.13;',0,0,0,0,0, 0, 0,0
94.5,'10.0.0.20;',0,0,0,0,0, 0, 0,0
94.5,'10.0.0.23;',0,0,0,0,0, 0, 0,0
94.5,'10.0.0.4;',0,0,0,0,0, 0, 0,0
94.5,'10.0.0.19;',0,0,0,0,0, 0, 0,0
94.5,'10.0.0.18;',0,0,0,0,0, 0, 0,0
94.5,'10.0.0.10;',0,0,0,0,0, 0, 0,0
99.5,'10.0.0.5;',0,0,0,0,0, 0, 0,0
99.5,'10.0.0.8;',0,0,0,0,0, 0, 0,0
99.5,'10.0.0.9;',0,0,0,0,0, 0, 0,0
99.5,'10.0.0.25;',0,0,0,0,0, 0, 0,0
99.5,'10.0.0.15;',0,0,0,0,0, 0, 0,0
99.5,'10.0.0.7;',0,0,0,0,0, 0, 0,0
99.5,'10.0.0.21;',0,0,0,0,0, 0, 0,0
99.5,'10.0.0.24;',0,0,0,0,0, 0, 0,0
99.5,'10.0.0.6;',0,0,0,0,0, 0, 0,0
99.5,'10.0.0.14;',0,0,0,0,0, 0, 0,0
99.5,'10.0.0.22;',0,0,0,0,0, 0, 0,0
99.5,'10.0.0.28;',0,0,0,0,0, 0, 0,0
99.5,'10.0.0.27;',0,0,0,0,0, 0, 0,0
99.5,'10.0.0.11;',0,0,0,0,0, 0, 0,0
99.5,'10.0.0.1;',0,0,0,0,0, 0, 0,0
99.5,'10.0.0.3;',0,0,0,0,0, 0, 0,0
99.5,'10.0.0.2;',0,0,0,0,0, 0, 0,0
99.5,'10.0.0.16;',0,0,0,0,0, 0, 0,0
99.5,'10.0.0.26;',0,0,0,0,0, 0, 0,0
99.5,'10.0.0.12;',0,0,0,0,0, 0, 0,0
99.5,'10.0.0.17;',0,0,0,0,0, 0, 0,0
99.5,'10.0.0.13;',0,0,0,0,0, 0, 0,0
99.5,'10.0.0.20;',0,0,0,0,0, 0, 0,0
99.5,'10.0.0.23;',0,0,0,0,0, 0, 0,0
99.5,'10.0.0.4;',0,0,0,0,0, 0, 0,0
99.5,'10.0.0.19;',0,0,0,0,0, 0, 0,0
99.5,'10.0.0.18;',0,0,0,0,0, 0, 0,0
99.5,'10.0.0.10;',0,0,0,0,0, 0, 0,0
104.5,'10.0.0.5;',0,0,0,0,0, 0, 0,0
104.5,'10.0.0.8;',0,0,0,0,0, 0, 0,0
104.5,'10.0.0.9;',0,0,0,0,0, 0, 0,0
104.5,'10.0.0.25;',0,0,0,0,0, 0, 0,0
104.5,'10.0.0.15;',0,0,0,0,0, 0, 0,0
104.5,'10.0.0.7;',0,0,0,0,0, 0, 0,0
104.5,'10.0.0.21;',0,0,0,0,0, 0, 0,0
104.5,'10.0.0.24;',0,0,0,0,0, 0, 0,0
104.5,'10.0.0.6;',0,0,0,0,0, 0, 0,0
104.5,'10.0.0.14;',0,0,0,0,0, 0, 0,0
104.5,'10.0.0.22;',0,0,0,0,0, 0, 0,0
104.5,'10.0.0.28;',0,0,0,0,0, 0, 0,0
104.5,'10.0.0.27;',0,0,0,0,0, 0, 0,0
104.5,'10.0.0.11;',0,0,0,0,0, 0, 0,0
104.5,'10.0.0.1;',0,0,0,0,0, 0, 0,0
104.5,'10.0.0.3;',0,0,0,0,0, 0, 0,0
104.5,'10.0.0.2;',0,0,0,0,0, 0, 0,0
104.5,'10.0.0.16;',0,0,0,0,0, 0, 0,0
104.5,'10.0.0.26;',0,0,0,0,0, 0, 0,0
104.5,'10.0.0.12;',0,0,0,0,0, 0, 0,0
104.5,'10.0.0.17;',0,0,0,0,0, 0, 0,0
104.5,'10.0.0.13;',0,0,0,0,0, 0, 0,0
104.5,'10.0.0.20;',0,0,0,0,0, 0, 0,0
104.5,'10.0.0.23;',0,0,0,0,0, 0, 0,0
104.5,'10.0.0.4;',0,0,0,0,0, 0, 0,0
104.5,'10.0.0.19;',0,0,0,0,0, 0, 0,0
104.5,'10.0.0.18;',0,0,0,0,0, 0, 0,0
104.5,'10.0.0.10;',0,0,0,0,0, 0, 0,0
109.5,'10.0.0.5;',0,0,0,0,0, 0, 0,0
109.5,'10.0.0.8;',0,0,0,0,0, 0, 0,0
109.5,'10.0.0.9;',0,0,0,0,0, 0, 0,0
109.5,'10.0.0.25;',0,0,0,0,0, 0, 0,0
109.5,'10.0.0.15;',0,0,0,0,0, 0, 0,0
109.5,'10.0.0.7;',0,0,0,0,0, 0, 0,0
109.5,'10.0.0.21;',0,0,0,0,0, 0, 0,0
109.5,'10.0.0.24;',0,0,0,0,0, 0, 0,0
109.5,'10.0.0.6;',0,0,0,0,0, 0, 0,0
109.5,'10.0.0.14;',0,0,0,0,0, 0, 0,0
109.5,'10.0.0.22;',0,0,0,0,0, 0, 0,0
109.5,'10.0.0.28;',0,0,0,0,0, 0, 0,0
109.5,'10.0.0.27;',0,0,0,0,0, 0, 0,0
109.5,'10.0.0.11;',0,0,0,0,0, 0, 0,0
109.5,'10.0.0.1;',0,0,0,0,0, 0, 0,0
109.5,'10.0.0.3;',0,0,0,0,0, 0, 0,0
109.5,'10.0.0.2;',0,0,0,0,0, 0, 0,0
109.5,'10.0.0.16;',0,0,0,0,0, 0, 0,0
109.5,'10.0.0.26;',0,0,0,0,0, 0, 0,0
109.5,'10.0.0.12;',0,0,0,0,0, 0, 0,0
109.5,'10.0.0.17;',0,0,0,0,0, 0, 0,0
109.5,'10.0.0.13;',0,0,0,0,0, 0, 0,0
109.5,'10.0.0.20;',0,0,0,0,0, 0, 0,0
109.5,'10.0.0.23;',0,0,0,0,0, 0, 0,0
109.5,'10.0.0.4;',0,0,0,0,0, 0, 0,0
109.5,'10.0.0.19;',0,0,0,0,0, 0, 0,0
109.5,'10.0.0.18;',0,0,0,0,0, 0, 0,0
109.5,'10.0.0.10;',0,0,0,0,0, 0, 0,0
114.5,'10.0.0.5;',0,0,0,0,0, 0, 0,0
114.5,'10.0.0.8;',0,0,0,0,0, 0, 0,0
114.5,'10.0.0.9;',0,0,0,0,0, 0, 0,0
114.5,'10.0.0.25;',0,0,0,0,0, 0, 0,0
114.5,'10.0.0.15;',0,0,0,0,0, 0, 0,0
114.5,'10.0.0.7;',0,0,0,0,0, 0, 0,0
114.5,'10.0.0.21;',0,0,0,0,0, 0, 0,0
114.5,'10.0.0.24;',0,0,0,0,0, 0, 0,0
114.5,'10.0.0.6;',0,0,0,0,0, 0, 0,0
114.5,'10.0.0.14;',0,0,0,0,0, 0, 0,0
114.5,'10.0.0.22;',0,0,0,0,0, 0, 0,0
114.5,'10.0.0.28;',0,0,0,0,0, 0, 0,0
114.5,'10.0.0.27;',0,0,0,0,0, 0, 0,0
114.5,'10.0.0.11;',0,0,0,0,0, 0, 0,0
114.5,'10.0.0.1;',0,0,0,0,0, 0, 0,0
114.5,'10.0.0.3;',0,0,0,0,0, 0, 0,0
114.5,'10.0.0.2;',0,0,0,0,0, 0, 0,0
114.5,'10.0.0.16;',0,0,0,0,0, 0, 0,0
114.5,'10.0.0.26;',0,0,0,0,0, 0, 0,0
114.5,'10.0.0.12;',0,0,0,0,0, 0, 0,0
114.5,'10.0.0.17;',0,0,0,0,0, 0, 0,0
114.5,'10.0.0.13;',0,0,0,0,0, 0, 0,0
114.5,'10.0.0.20;',0,0,0,0,0, 0, 0,0
114.5,'10.0.0.23;',0,0,0,0,0, 0, 0,0
114.5,'10.0.0.4;',0,0,0,0,0, 0, 0,0
114.5,'10.0.0.19;',0,0,0,0,0, 0, 0,0
114.5,'10.0.0.18;',0,0,0,0,0, 0, 0,0
114.5,'10.0.0.10;',0,0,0,0,0, 0, 0,0
119.5,'10.0.0.5;',0,0,0,0,0, 0, 0,0
119.5,'10.0.0.8;',0,0,0,0,0, 0, 0,0
119.5,'10.0.0.9;',0,0,0,0,0, 0, 0,0
119.5,'10.0.0.25;',0,0,0,0,0, 0, 0,0
119.5,'10.0.0.15;',0,0,0,0,0, 0, 0,0
119.5,'10.0.0.7;',0,0,0,0,0, 0, 0,0
119.5,'10.0.0.21;',0,0,0,0,0, 0, 0,0
119.5,'10.0.0.24;',0,0,0,0,0, 0, 0,0
119.5,'10.0.0.6;',0,0,0,0,0, 0, 0,0
119.5,'10.0.0.14;',0,0,0,0,0, 0, 0,0
119.5,'10.0.0.22;',0,0,0,0,0, 0, 0,0
119.5,'10.0.0.28;',0,0,0,0,0, 0, 0,0
119.5,'10.0.0.27;',0,0,0,0,0, 0, 0,0
119.5,'10.0.0.11;',0,0,0,0,0, 0, 0,0
119.5,'10.0.0.1;',0,0,0,0,0, 0, 0,0
119.5,'10.0.0.3;',0,0,0,0,0, 0, 0,0
119.5,'10.0.0.2;',0,0,0,0,0, 0, 0,0
119.5,'10.0.0.16;',0,0,0,0,0, 0, 0,0
119.5,'10.0.0.26;',0,0,0,0,0, 0, 0,0
119.5,'10.0.0.12;',0,0,0,0,0, 0, 0,0
119.5,'10.0.0.17;',0,0,0,0,0, 0, 0,0
119.5,'10.0.0.13;',0,0,0,0,0, 0, 0,0
119.5,'10.0.0.20;',0,0,0,0,0, 0, 0,0
119.5,'10.0.0.23;',0,0,0,0,0, 0, 0,0
119.5,'10.0.0.4;',0,0,0,0,0, 0, 0,0
119.5,'10.0.0.19;',0,0,0,0,0, 0, 0,0
119.5,'10.0.0.18;',0,0,0,0,0, 0, 0,0
119.5,'10.0.0.10;',0,0,0,0,0, 0, 0,0
124.5,'10.0.0.5;',0,0,0,0,0, 0, 0,0
124.5,'10.0.0.8;',0,0,0,0,0, 0, 0,0
124.5,'10.0.0.9;',0,0,0,0,0, 0, 0,0
124.5,'10.0.0.25;',0,0,0,0,0, 0, 0,0
124.5,'10.0.0.15;',0,0,0,0,0, 0, 0,0
124.5,'10.0.0.7;',0,0,0,0,0, 0, 0,0
124.5,'10.0.0.21;',0,0,0,0,0, 0, 0,0
124.5,'10.0.0.24;',0,0,0,0,0, 0, 0,0
124.5,'10.0.0.6;',0,0,0,0,0, 0, 0,0
124.5,'10.0.0.14;',0,0,0,0,0, 0, 0,0
124.5,'10.0.0.22;',0,0,0,0,0, 0, 0,0
124.5,'10.0.0.28;',0,0,0,0,0, 0, 0,0
124.5,'10.0.0.27;',0,0,0,0,0, 0, 0,0
124.5,'10.0.0.11;',0,0,0,0,0, 0, 0,0
124.5,'10.0.0.1;',0,0,0,0,0, 0, 0,0
124.5,'10.0.0.3;',0,0,0,0,0, 0, 0,0
124.5,'10.0.0.2;',0,0,0,0,0, 0, 0,0
124.5,'10.0.0.16;',0,0,0,0,0, 0, 0,0
124.5,'10.0.0.26;',0,0,0,0,0, 0, 0,0
124.5,'10.0.0.12;',0,0,0,0,0, 0, 0,0
124.5,'10.0.0.17;',0,0,0,0,0, 0, 0,0
124.5,'10.0.0.13;',0,0,0,0,0, 0, 0,0
124.5,'10.0.0.20;',0,0,0,0,0, 0, 0,0
124.5,'10.0.0.23;',0,0,0,0,0, 0, 0,0
124.5,'10.0.0.4;',0,0,0,0,0, 0, 0,0
124.5,'10.0.0.19;',0,0,0,0,0, 0, 0,0
124.5,'10.0.0.18;',0,0,0,0,0, 0, 0,0
124.5,'10.0.0.10;',0,0,0,0,0, 0, 0,0
129.5,'10.0.0.5;',0,0,0,0,0, 0, 0,0
129.5,'10.0.0.8;',0,0,0,0,0, 0, 0,0
129.5,'10.0.0.9;',0,0,0,0,0, 0, 0,0
129.5,'10.0.0.25;',0,0,0,0,0, 0, 0,0
129.5,'10.0.0.15;',0,0,0,0,0, 0, 0,0
129.5,'10.0.0.7;',0,0,0,0,0, 0, 0,0
129.5,'10.0.0.21;',0,0,0,0,0, 0, 0,0
129.5,'10.0.0.24;',0,0,0,0,0, 0, 0,0
129.5,'10.0.0.6;',0,0,0,0,0, 0, 0,0
129.5,'10.0.0.14;',0,0,0,0,0, 0, 0,0
129.5,'10.0.0.22;',0,0,0,0,0, 0, 0,0
129.5,'10.0.0.28;',0,0,0,0,0, 0, 0,0
129.5,'10.0.0.27;',0,0,0,0,0, 0, 0,0
129.5,'10.0.0.11;',0,0,0,0,0, 0, 0,0
129.5,'10.0.0.1;',0,0,0,0,0, 0, 0,0
129.5,'10.0.0.3;',0,0,0,0,0, 0, 0,0
129.5,'10.0.0.2;',0,0,0,0,0, 0, 0,0
129.5,'10.0.0.16;',0,0,0,0,0, 0, 0,0
129.5,'10.0.0.26;',0,0,0,0,0, 0, 0,0
129.5,'10.0.0.12;',0,0,0,0,0, 0, 0,0
129.5,'10.0.0.17;',0,0,0,0,0, 0, 0,0
129.5,'10.0.0.13;',0,0,0,0,0, 0, 0,0
129.5,'10.0.0.20;',0,0,0,0,0, 0, 0,0
129.5,'10.0.0.23;',0,0,0,0,0, 0, 0,0
129.5,'10.0.0.4;',0,0,0,0,0, 0, 0,0
129.5,'10.0.0.19;',0,0,0,0,0, 0, 0,0
129.5,'10.0.0.18;',0,0,0,0,0, 0, 0,0
129.5,'10.0.0.10;',0,0,0,0,0, 0, 0,0
134.5,'10.0.0.5;',0,0,0,0,0, 0, 0,0
134.5,'10.0.0.8;',0,0,0,0,0, 0, 0,0
134.5,'10.0.0.9;',0,0,0,0,0, 0, 0,0
134.5,'10.0.0.25;',0,0,0,0,0, 0, 0,0
134.5,'10.0.0.15;',0,0,0,0,0, 0, 0,0
134.5,'10.0.0.7;',0,0,0,0,0, 0, 0,0
134.5,'10.0.0.21;',0,0,0,0,0, 0, 0,0
134.5,'10.0.0.24;',0,0,0,0,0, 0, 0,0
134.5,'10.0.0.6;',0,0,0,0,0, 0, 0,0
134.5,'10.0.0.14;',0,0,0,0,0, 0, 0,0
134.5,'10.0.0.22;',0,0,0,0,0, 0, 0,0
134.5,'10.0.0.28;',0,0,0,0,0, 0, 0,0
134.5,'10.0.0.27;',0,0,0,0,0, 0, 0,0
134.5,'10.0.0.11;',0,0,0,0,0, 0, 0,0
134.5,'10.0.0.1;',0,0,0,0,0, 0, 0,0
134.5,'10.0.0.3;',0,0,0,0,0, 0, 0,0
134.5,'10.0.0.2;',0,0,0,0,0, 0, 0,0
134.5,'10.0.0.16;',0,0,0,0,0, 0, 0,0
134.5,'10.0.0.26;',0,0,0,0,0, 0, 0,0
134.5,'10.0.0.12;',0,0,0,0,0, 0, 0,0
134.5,'10.0.0.17;',0,0,0,0,0, 0, 0,0
134.5,'10.0.0.13;',0,0,0,0,0, 0, 0,0
134.5,'10.0.0.20;',0,0,0,0,0, 0, 0,0
134.5,'10.0.0.23;',0,0,0,0,0, 0, 0,0
134.5,'10.0.0.4;',0,0,0,0,0, 0, 0,0
134.5,'10.0.0.19;',0,0,0,0,0, 0, 0,0
134.5,'10.0.0.18;',0,0,0,0,0, 0, 0,0
134.5,'10.0.0.10;',0,0,0,0,0, 0, 0,0
139.5,'10.0.0.5;',0,0,0,0,0, 0, 0,0
139.5,'10.0.0.8;',0,0,0,0,0, 0, 0,0
139.5,'10.0.0.9;',0,0,0,0,0, 0, 0,0
139.5,'10.0.0.25;',0,0,0,0,0, 0, 0,0
139.5,'10.0.0.15;',0,0,0,0,0, 0, 0,0
139.5,'10.0.0.7;',0,0,0,0,0, 0, 0,0
139.5,'10.0.0.21;',0,0,0,0,0, 0, 0,0
139.5,'10.0.0.24;',0,0,0,0,0, 0, 0,0
139.5,'10.0.0.6;',0,0,0,0,0, 0, 0,0
139.5,'10.0.0.14;',0,0,0,0,0, 0, 0,0
139.5,'10.0.0.22;',0,0,0,0,0, 0, 0,0
139.5,'10.0.0.28;',0,0,0,0,0, 0, 0,0
139.5,'10.0.0.27;',0,0,0,0,0, 0, 0,0
139.5,'10.0.0.11;',0,0,0,0,0, 0, 0,0
139.5,'10.0.0.1;',0,0,0,0,0, 0, 0,0
139.5,'10.0.0.3;',0,0,0,0,0, 0, 0,0
139.5,'10.0.0.2;',0,0,0,0,0, 0, 0,0
139.5,'10.0.0.16;',0,0,0,0,0, 0, 0,0
139.5,'10.0.0.26;',0,0,0,0,0, 0, 0,0
139.5,'10.0.0.12;',0,0,0,0,0, 0, 0,0
139.5,'10.0.0.17;',0,0,0,0,0, 0, 0,0
139.5,'10.0.0.13;',0,0,0,0,0, 0, 0,0
139.5,'10.0.0.20;',0,0,0,0,0, 0, 0,0
139.5,'10.0.0.23;',0,0,0,0,0, 0, 0,0
139.5,'10.0.0.4;',0,0,0,0,0, 0, 0,0
139.5,'10.0.0.19;',0,0,0,0,0, 0, 0,0
139.5,'10.0.0.18;',0,0,0,0,0, 0, 0,0
139.5,'10.0.0.10;',0,0,0,0,0, 0, 0,0
144.5,'10.0.0.5;',0,0,0,0,0, 0, 0,0
144.5,'10.0.0.8;',0,0,0,0,0, 0, 0,0
144.5,'10.0.0.9;',0,0,0,0,0, 0, 0,0
144.5,'10.0.0.25;',0,0,0,0,0, 0, 0,0
144.5,'10.0.0.15;',0,0,0,0,0, 0, 0,0
144.5,'10.0.0.7;',0,0,0,0,0, 0, 0,0
144.5,'10.0.0.21;',0,0,0,0,0, 0, 0,0
144.5,'10.0.0.24;',0,0,0,0,0, 0, 0,0
144.5,'10.0.0.6;',0,0,0,0,0, 0, 0,0
144.5,'10.0.0.14;',0,0,0,0,0, 0, 0,0
144.5,'10.0.0.22;',0,0,0,0,0, 0, 0,0
144.5,'10.0.0.28;',0,0,0,0,0, 0, 0,0
144.5,'10.0.0.27;',0,0,0,0,0, 0, 0,0
144.5,'10.0.0.11;',0,0,0,0,0, 0, 0,0
144.5,'10.0.0.1;',0,0,0,0,0, 0, 0,0
144.5,'10.0.0.3;',0,0,0,0,0, 0, 0,0
144.5,'10.0.0.2;',0,0,0,0,0, 0, 0,0
144.5,'10.0.0.16;',0,0,0,0,0, 0, 0,0
144.5,'10.0.0.26;',0,0,0,0,0, 0, 0,0
144.5,'10.0.0.12;',0,0,0,0,0, 0, 0,0
144.5,'10.0.0.17;',0,0,0,0,0, 0, 0,0
144.5,'10.0.0.13;',0,0,0,0,0, 0, 0,0
144.5,'10.0.0.20;',0,0,0,0,0, 0, 0,0
144.5,'10.0.0.23;',0,0,0,0,0, 0, 0,0
144.5,'10.0.0.4;',0,0,0,0,0, 0, 0,0
144.5,'10.0.0.19;',0,0,0,0,0, 0, 0,0
144.5,'10.0.0.18;',0,0,0,0,0, 0, 0,0
144.5,'10.0.0.10;',0,0,0,0,0, 0, 0,0
149.5,'10.0.0.5;',0,0,0,0,0, 0, 0,0
149.5,'10.0.0.8;',0,0,0,0,0, 0, 0,0
149.5,'10.0.0.9;',0,0,0,0,0, 0, 0,0
149.5,'10.0.0.25;',0,0,0,0,0, 0, 0,0
149.5,'10.0.0.15;',0,0,0,0,0, 0, 0,0
149.5,'10.0.0.7;',0,0,0,0,0, 0, 0,0
149.5,'10.0.0.21;',0,0,0,0,0, 0, 0,0
149.5,'10.0.0.24;',0,0,0,0,0, 0, 0,0
149.5,'10.0.0.6;',0,0,0,0,0, 0, 0,0
149.5,'10.0.0.14;',0,0,0,0,0, 0, 0,0
149.5,'10.0.0.22;',0,0,0,0,0, 0, 0,0
149.5,'10.0.0.28;',0,0,0,0,0, 0, 0,0
149.5,'10.0.0.27;',0,0,0,0,0, 0, 0,0
149.5,'10.0.0.11;',0,0,0,0,0, 0, 0,0
149.5,'10.0.0.1;',0,0,0,0,0, 0, 0,0
149.5,'10.0.0.3;',0,0,0,0,0, 0, 0,0
149.5,'10.0.0.2;',0,0,0,0,0, 0, 0,0
149.5,'10.0.0.16;',0,0,0,0,0, 0, 0,0
149.5,'10.0.0.26;',0,0,0,0,0, 0, 0,0
149.5,'10.0.0.12;',0,0,0,0,0, 0, 0,0
149.5,'10.0.0.17;',0,0,0,0,0, 0, 0,0
149.5,'10.0.0.13;',0,0,0,0,0, 0, 0,0
149.5,'10.0.0.20;',0,0,0,0,0, 0, 0,0
149.5,'10.0.0.23;',0,0,0,0,0, 0, 0,0
149.5,'10.0.0.4;',0,0,0,0,0, 0, 0,0
149.5,'10.0.0.19;',0,0,0,0,0, 0, 0,0
149.5,'10.0.0.18;',0,0,0,0,0, 0, 0,0
149.5,'10.0.0.10;',0,0,0,0,0, 0, 0,0
154.5,'10.0.0.5;',0,0,0,0,0, 0, 0,0
154.5,'10.0.0.8;',0,0,0,0,0, 0, 0,0
154.5,'10.0.0.9;',0,0,0,0,0, 0, 0,0
154.5,'10.0.0.25;',0,0,0,0,0, 0, 0,0
154.5,'10.0.0.15;',0,0,0,0,0, 0, 0,0
154.5,'10.0.0.7;',0,0,0,0,0, 0, 0,0
154.5,'10.0.0.21;',0,0,0,0,0, 0, 0,0
154.5,'10.0.0.24;',0,0,0,0,0, 0, 0,0
154.5,'10.0.0.6;',0,0,0,0,0, 0, 0,0
154.5,'10.0.0.14;',0,0,0,0,0, 0, 0,0
154.5,'10.0.0.22;',0,0,0,0,0, 0, 0,0
154.5,'10.0.0.28;',0,0,0,0,0, 0, 0,0
154.5,'10.0.0.27;',0,0,0,0,0, 0, 0,0
154.5,'10.0.0.11;',0,0,0,0,0, 0, 0,0
154.5,'10.0.0.1;',0,0,0,0,0, 0, 0,0
154.5,'10.0.0.3;',0,0,0,0,0, 0, 0,0
154.5,'10.0.0.2;',0,0,0,0,0, 0, 0,0
154.5,'10.0.0.16;',0,0,0,0,0, 0, 0,0
154.5,'10.0.0.26;',0,0,0,0,0, 0, 0,0
154.5,'10.0.0.12;',0,0,0,0,0, 0, 0,0
154.5,'10.0.0.17;',0,0,0,0,0, 0, 0,0
154.5,'10.0.0.13;',0,0,0,0,0, 0, 0,0
154.5,'10.0.0.20;',0,0,0,0,0, 0, 0,0
154.5,'10.0.0.23;',0,0,0,0,0, 0, 0,0
154.5,'10.0.0.4;',0,0,0,0,0, 0, 0,0
154.5,'10.0.0.19;',0,0,0,0,0, 0, 0,0
154.5,'10.0.0.18;',0,0,0,0,0, 0, 0,0
154.5,'10.0.0.10;',0,0,0,0,0, 0, 0,0
159.5,'10.0.0.5;',0,0,0,0,0, 0, 0,0
159.5,'10.0.0.8;',0,0,0,0,0, 0, 0,0
159.5,'10.0.0.9;',0,0,0,0,0, 0, 0,0
159.5,'10.0.0.25;',0,0,0,0,0, 0, 0,0
159.5,'10.0.0.15;',0,0,0,0,0, 0, 0,0
159.5,'10.0.0.7;',0,0,0,0,0, 0, 0,0
159.5,'10.0.0.21;',0,0,0,0,0, 0, 0,0
159.5,'10.0.0.24;',0,0,0,0,0, 0, 0,0
159.5,'10.0.0.6;',0,0,0,0,0, 0, 0,0
159.5,'10.0.0.14;',0,0,0,0,0, 0, 0,0
159.5,'10.0.0.22;',0,0,0,0,0, 0, 0,0
159.5,'10.0.0.28;',0,0,0,0,0, 0, 0,0
159.5,'10.0.0.27;',0,0,0,0,0, 0, 0,0
159.5,'10.0.0.11;',0,0,0,0,0, 0, 0,0
159.5,'10.0.0.1;',0,0,0,0,0, 0, 0,0
159.5,'10.0.0.3;',0,0,0,0,0, 0, 0,0
159.5,'10.0.0.2;',0,0,0,0,0, 0, 0,0
159.5,'10.0.0.16;',0,0,0,0,0, 0, 0,0
159.5,'10.0.0.26;',0,0,0,0,0, 0, 0,0
159.5,'10.0.0.12;',0,0,0,0,0, 0, 0,0
159.5,'10.0.0.17;',0,0,0,0,0, 0, 0,0
159.5,'10.0.0.13;',0,0,0,0,0, 0, 0,0
159.5,'10.0.0.20;',0,0,0,0,0, 0, 0,0
159.5,'10.0.0.23;',0,0,0,0,0, 0, 0,0
159.5,'10.0.0.4;',0,0,0,0,0, 0, 0,0
159.5,'10.0.0.19;',0,0,0,0,0, 0, 0,0
159.5,'10.0.0.18;',0,0,0,0,0, 0, 0,0
159.5,'10.0.0.10;',0,0,0,0,0, 0, 0,0
164.5,'10.0.0.5;',0,0,0,0,0, 0, 0,0
164.5,'10.0.0.8;',0,0,0,0,0, 0, 0,0
164.5,'10.0.0.9;',0,0,0,0,0, 0, 0,0
164.5,'10.0.0.25;',0,0,0,0,0, 0, 0,0
164.5,'10.0.0.15;',0,0,0,0,0, 0, 0,0
164.5,'10.0.0.7;',0,0,0,0,0, 0, 0,0
164.5,'10.0.0.21;',0,0,0,0,0, 0, 0,0
164.5,'10.0.0.24;',0,0,0,0,0, 0, 0,0
164.5,'10.0.0.6;',0,0,0,0,0, 0, 0,0
164.5,'10.0.0.14;',0,0,0,0,0, 0, 0,0
164.5,'10.0.0.22;',0,0,0,0,0, 0, 0,0
164.5,'10.0.0.28;',0,0,0,0,0, 0, 0,0
164.5,'10.0.0.27;',0,0,0,0,0, 0, 0,0
164.5,'10.0.0.11;',0,0,0,0,0, 0, 0,0
164.5,'10.0.0.1;',0,0,0,0,0, 0, 0,0
164.5,'10.0.0.3;',0,0,0,0,0, 0, 0,0
164.5,'10.0.0.2;',0,0,0,0,0, 0, 0,0
164.5,'10.0.0.16;',0,0,0,0,0, 0, 0,0
164.5,'10.0.0.26;',0,0,0,0,0, 0, 0,0
164.5,'10.0.0.12;',0,0,0,0,0, 0, 0,0
164.5,'10.0.0.17;',0,0,0,0,0, 0, 0,0
164.5,'10.0.0.13;',0,0,0,0,0, 0, 0,0
164.5,'10.0.0.20;',0,0,0,0,0, 0, 0,0
164.5,'10.0.0.23;',0,0,0,0,0, 0, 0,0
164.5,'10.0.0.4;',0,0,0,0,0, 0, 0,0
164.5,'10.0.0.19;',0,0,0,0,0, 0, 0,0
164.5,'10.0.0.18;',0,0,0,0,0, 0, 0,0
164.5,'10.0.0.10;',0,0,0,0,0, 0, 0,0
169.5,'10.0.0.5;',0,0,0,0,0, 0, 0,0
169.5,'10.0.0.8;',0,0,0,0,0, 0, 0,0
169.5,'10.0.0.9;',0,0,0,0,0, 0, 0,0
169.5,'10.0.0.25;',0,0,0,0,0, 0, 0,0
169.5,'10.0.0.15;',0,0,0,0,0, 0, 0,0
169.5,'10.0.0.7;',0,0,0,0,0, 0, 0,0
169.5,'10.0.0.21;',0,0,0,0,0, 0, 0,0
169.5,'10.0.0.24;',0,0,0,0,0, 0, 0,0
169.5,'10.0.0.6;',0,0,0,0,0, 0, 0,0
169.5,'10.0.0.14;',0,0,0,0,0, 0, 0,0
169.5,'10.0.0.22;',0,0,0,0,0, 0, 0,0
169.5,'10.0.0.28;',0,0,0,0,0, 0, 0,0
169.5,'10.0.0.27;',0,0,0,0,0, 0, 0,0
169.5,'10.0.0.11;',0,0,0,0,0, 0, 0,0
169.5,'10.0.0.1;',0,0,0,0,0, 0, 0,0
169.5,'10.0.0.3;',0,0,0,0,0, 0, 0,0
169.5,'10.0.0.2;',0,0,0,0,0, 0, 0,0
169.5,'10.0.0.16;',0,0,0,0,0, 0, 0,0
169.5,'10.0.0.26;',0,0,0,0,0, 0, 0,0
169.5,'10.0.0.12;',0,0,0,0,0, 0, 0,0
169.5,'10.0.0.17;',0,0,0,0,0, 0, 0,0
169.5,'10.0.0.13;',0,0,0,0,0, 0, 0,0
169.5,'10.0.0.20;',0,0,0,0,0, 0, 0,0
169.5,'10.0.0.23;',0,0,0,0,0, 0, 0,0
169.5,'10.0.0.4;',0,0,0,0,0, 0, 0,0
169.5,'10.0.0.19;',0,0,0,0,0, 0, 0,0
169.5,'10.0.0.18;',0,0,0,0,0, 0, 0,0
169.5,'10.0.0.10;',0,0,0,0,0, 0, 0,0
174.5,'10.0.0.5;',0,0,0,0,0, 0, 0,0
174.5,'10.0.0.8;',0,0,0,0,0, 0, 0,0
174.5,'10.0.0.9;',0,0,0,0,0, 0, 0,0
174.5,'10.0.0.25;',0,0,0,0,0, 0, 0,0
174.5,'10.0.0.15;',0,0,0,0,0, 0, 0,0
174.5,'10.0.0.7;',0,0,0,0,0, 0, 0,0
174.5,'10.0.0.21;',0,0,0,0,0, 0, 0,0
174.5,'10.0.0.24;',0,0,0,0,0, 0, 0,0
174.5,'10.0.0.6;',0,0,0,0,0, 0, 0,0
174.5,'10.0.0.14;',0,0,0,0,0, 0, 0,0
174.5,'10.0.0.22;',0,0,0,0,0, 0, 0,0
174.5,'10.0.0.28;',0,0,0,0,0, 0, 0,0
174.5,'10.0.0.27;',0,0,0,0,0, 0, 0,0
174.5,'10.0.0.11;',0,0,0,0,0, 0, 0,0
174.5,'10.0.0.1;',0,0,0,0,0, 0, 0,0
174.5,'10.0.0.3;',0,0,0,0,0, 0, 0,0
174.5,'10.0.0.2;',0,0,0,0,0, 0, 0,0
174.5,'10.0.0.16;',0,0,0,0,0, 0, 0,0
174.5,'10.0.0.26;',0,0,0,0,0, 0, 0,0
174.5,'10.0.0.12;',0,0,0,0,0, 0, 0,0
174.5,'10.0.0.17;',0,0,0,0,0, 0, 0,0
174.5,'10.0.0.13;',0,0,0,0,0, 0, 0,0
174.5,'10.0.0.20;',0,0,0,0,0, 0, 0,0
174.5,'10.0.0.23;',0,0,0,0,0, 0, 0,0
174.5,'10.0.0.4;',0,0,0,0,0, 0, 0,0
174.5,'10.0.0.19;',0,0,0,0,0, 0, 0,0
174.5,'10.0.0.18;',0,0,0,0,0, 0, 0,0
174.5,'10.0.0.10;',0,0,0,0,0, 0, 0,0
179.5,'10.0.0.5;',0,0,0,0,0, 0, 0,0
179.5,'10.0.0.8;',0,0,0,0,0, 0, 0,0
179.5,'10.0.0.9;',0,0,0,0,0, 0, 0,0
179.5,'10.0.0.25;',0,0,0,0,0, 0, 0,0
179.5,'10.0.0.15;',0,0,0,0,0, 0, 0,0
179.5,'10.0.0.7;',0,0,0,0,0, 0, 0,0
179.5,'10.0.0.21;',0,0,0,0,0, 0, 0,0
179.5,'10.0.0.24;',0,0,0,0,0, 0, 0,0
179.5,'10.0.0.6;',0,0,0,0,0, 0, 0,0
179.5,'10.0.0.14;',0,0,0,0,0, 0, 0,0
179.5,'10.0.0.22;',0,0,0,0,0, 0, 0,0
179.5,'10.0.0.28;',0,0,0,0,0, 0, 0,0
179.5,'10.0.0.27;',0,0,0,0,0, 0, 0,0
179.5,'10.0.0.11;',0,0,0,0,0, 0, 0,0
179.5,'10.0.0.1;',0,0,0,0,0, 0, 0,0
179.5,'10.0.0.3;',0,0,0,0,0, 0, 0,0
179.5,'10.0.0.2;',0,0,0,0,0, 0, 0,0
179.5,'10.0.0.16;',0,0,0,0,0, 0, 0,0
179.5,'10.0.0.26;',0,0,0,0,0, 0, 0,0
179.5,'10.0.0.12;',0,0,0,0,0, 0, 0,0
179.5,'10.0.0.17;',0,0,0,0,0, 0, 0,0
179.5,'10.0.0.13;',0,0,0,0,0, 0, 0,0
179.5,'10.0.0.20;',0,0,0,0,0, 0, 0,0
179.5,'10.0.0.23;',0,0,0,0,0, 0, 0,0
179.5,'10.0.0.4;',0,0,0,0,0, 0, 0,0
179.5,'10.0.0.19;',0,0,0,0,0, 0, 0,0
179.5,'10.0.0.18;',0,0,0,0,0, 0, 0,0
179.5,'10.0.0.10;',0,0,0,0,0, 0, 0,0
184.5,'10.0.0.5;',0,0,0,0,0, 0, 0,0
184.5,'10.0.0.8;',0,0,0,0,0, 0, 0,0
184.5,'10.0.0.9;',0,0,0,0,0, 0, 0,0
184.5,'10.0.0.25;',0,0,0,0,0, 0, 0,0
184.5,'10.0.0.15;',0,0,0,0,0, 0, 0,0
184.5,'10.0.0.7;',0,0,0,0,0, 0, 0,0
184.5,'10.0.0.21;',0,0,0,0,0, 0, 0,0
184.5,'10.0.0.24;',0,0,0,0,0, 0, 0,0
184.5,'10.0.0.6;',0,0,0,0,0, 0, 0,0
184.5,'10.0.0.14;',0,0,0,0,0, 0, 0,0
184.5,'10.0.0.22;',0,0,0,0,0, 0, 0,0
184.5,'10.0.0.28;',0,0,0,0,0, 0, 0,0
184.5,'10.0.0.27;',0,0,0,0,0, 0, 0,0
184.5,'10.0.0.11;',0,0,0,0,0, 0, 0,0
184.5,'10.0.0.1;',0,0,0,0,0, 0, 0,0
184.5,'10.0.0.3;',0,0,0,0,0, 0, 0,0
184.5,'10.0.0.2;',0,0,0,0,0, 0, 0,0
184.5,'10.0.0.16;',0,0,0,0,0, 0, 0,0
184.5,'10.0.0.26;',0,0,0,0,0, 0, 0,0
184.5,'10.0.0.12;',0,0,0,0,0, 0, 0,0
184.5,'10.0.0.17;',0,0,0,0,0, 0, 0,0
184.5,'10.0.0.13;',0,0,0,0,0, 0, 0,0
184.5,'10.0.0.20;',0,0,0,0,0, 0, 0,0
184.5,'10.0.0.23;',0,0,0,0,0, 0, 0,0
184.5,'10.0.0.4;',0,0,0,0,0, 0, 0,0
184.5,'10.0.0.19;',0,0,0,0,0, 0, 0,0
184.5,'10.0.0.18;',0,0,0,0,0, 0, 0,0
184.5,'10.0.0.10;',0,0,0,0,0, 0, 0,0
189.5,'10.0.0.5;',0,0,0,0,0, 0, 0,0
189.5,'10.0.0.8;',0,0,0,0,0, 0, 0,0
189.5,'10.0.0.9;',0,0,0,0,0, 0, 0,0
189.5,'10.0.0.25;',0,0,0,0,0, 0, 0,0
189.5,'10.0.0.15;',0,0,0,0,0, 0, 0,0
189.5,'10.0.0.7;',0,0,0,0,0, 0, 0,0
189.5,'10.0.0.21;',0,0,0,0,0, 0, 0,0
189.5,'10.0.0.24;',0,0,0,0,0, 0, 0,0
189.5,'10.0.0.6;',0,0,0,0,0, 0, 0,0
189.5,'10.0.0.14;',0,0,0,0,0, 0, 0,0
189.5,'10.0.0.22;',0,0,0,0,0, 0, 0,0
189.5,'10.0.0.28;',0,0,0,0,0, 0, 0,0
189.5,'10.0.0.27;',0,0,0,0,0, 0, 0,0
189.5,'10.0.0.11;',0,0,0,0,0, 0, 0,0
189.5,'10.0.0.1;',0,0,0,0,0, 0, 0,0
189.5,'10.0.0.3;',0,0,0,0,0, 0, 0,0
189.5,'10.0.0.2;',0,0,0,0,0, 0, 0,0
189.5,'10.0.0.16;',0,0,0,0,0, 0, 0,0
189.5,'10.0.0.26;',0,0,0,0,0, 0, 0,0
189.5,'10.0.0.12;',0,0,0,0,0, 0, 0,0
189.5,'10.0.0.17;',0,0,0,0,0, 0, 0,0
189.5,'10.0.0.13;',0,0,0,0,0, 0, 0,0
189.5,'10.0.0.20;',0,0,0,0,0, 0, 0,0
189.5,'10.0.0.23;',0,0,0,0,0, 0, 0,0
189.5,'10.0.0.4;',0,0,0,0,0, 0, 0,0
189.5,'10.0.0.19;',0,0,0,0,0, 0, 0,0
189.5,'10.0.0.18;',0,0,0,0,0, 0, 0,0
189.5,'10.0.0.10;',0,0,0,0,0, 0, 0,0
194.5,'10.0.0.5;',0,0,0,0,0, 0, 0,0
194.5,'10.0.0.8;',0,0,0,0,0, 0, 0,0
194.5,'10.0.0.9;',0,0,0,0,0, 0, 0,0
194.5,'10.0.0.25;',0,0,0,0,0, 0, 0,0
194.5,'10.0.0.15;',0,0,0,0,0, 0, 0,0
194.5,'10.0.0.7;',0,0,0,0,0, 0, 0,0
194.5,'10.0.0.21;',0,0,0,0,0, 0, 0,0
194.5,'10.0.0.24;',0,0,0,0,0, 0, 0,0
194.5,'10.0.0.6;',0,0,0,0,0, 0, 0,0
194.5,'10.0.0.14;',0,0,0,0,0, 0, 0,0
194.5,'10.0.0.22;',0,0,0,0,0, 0, 0,0
194.5,'10.0.0.28;',0,0,0,0,0, 0, 0,0
194.5,'10.0.0.27;',0,0,0,0,0, 0, 0,0
194.5,'10.0.0.11;',0,0,0,0,0, 0, 0,0
194.5,'10.0.0.1;',0,0,0,0,0, 0, 0,0
194.5,'10.0.0.3;',0,0,0,0,0, 0, 0,0
194.5,'10.0.0.2;',0,0,0,0,0, 0, 0,0
194.5,'10.0.0.16;',0,0,0,0,0, 0, 0,0
194.5,'10.0.0.26;',0,0,0,0,0, 0, 0,0
194.5,'10.0.0.12;',0,0,0,0,0, 0, 0,0
194.5,'10.0.0.17;',0,0,0,0,0, 0, 0,0
194.5,'10.0.0.13;',0,0,0,0,0, 0, 0,0
194.5,'10.0.0.20;',0,0,0,0,0, 0, 0,0
194.5,'10.0.0.23;',0,0,0,0,0, 0, 0,0
194.5,'10.0.0.4;',0,0,0,0,0, 0, 0,0
194.5,'10.0.0.19;',0,0,0,0,0, 0, 0,0
194.5,'10.0.0.18;',0,0,0,0,0, 0, 0,0
194.5,'10.0.0.10;',0,0,0,0,0, 0, 0,0
199.5,'10.0.0.5;',0,0,0,0,0, 0, 0,0
199.5,'10.0.0.8;',0,0,0,0,0, 0, 0,0
199.5,'10.0.0.9;',0,0,0,0,0, 0, 0,0
199.5,'10.0.0.25;',0,0,0,0,0, 0, 0,0
199.5,'10.0.0.15;',0,0,0,0,0, 0, 0,0
199.5,'10.0.0.7;',0,0,0,0,0, 0, 0,0
199.5,'10.0.0.21;',0,0,0,0,0, 0, 0,0
199.5,'10.0.0.24;',0,0,0,0,0, 0, 0,0
199.5,'10.0.0.6;',0,0,0,0,0, 0, 0,0
199.5,'10.0.0.14;',0,0,0,0,0, 0, 0,0
199.5,'10.0.0.22;',0,0,0,0,0, 0, 0,0
199.5,'10.0.0.28;',0,0,0,0,0, 0, 0,0
199.5,'10.0.0.27;',0,0,0,0,0, 0, 0,0
199.5,'10.0.0.11;',0,0,0,0,0, 0, 0,0
199.5,'10.0.0.1;',0,0,0,0,0, 0, 0,0
199.5,'10.0.0.3;',0,0,0,0,0, 0, 0,0
199.5,'10.0.0.2;',0,0,0,0,0, 0, 0,0
199.5,'10.0.0.16;',0,0,0,0,0, 0, 0,0
199.5,'10.0.0.26;',0,0,0,0,0, 0, 0,0
199.5,'10.0.0.12;',0,0,0,0,0, 0, 0,0
199.5,'10.0.0.17;',0,0,0,0,0, 0, 0,0
199.5,'10.0.0.13;',0,0,0,0,0, 0, 0,0
199.5,'10.0.0.20;',0,0,0,0,0, 0, 0,0
199.5,'10.0.0.23;',0,0,0,0,0, 0, 0,0
199.5,'10.0.0.4;',0,0,0,0,0, 0, 0,0
199.5,'10.0.0.19;',0,0,0,0,0, 0, 0,0
199.5,'10.0.0.18;',0,0,0,0,0, 0, 0,0
199.5,'10.0.0.10;',0,0,0,0,0, 0, 0,0
204.5,'10.0.0.5;',0,0,0,0,0, 0, 0,0
204.5,'10.0.0.8;',0,0,0,0,0, 0, 0,0
204.5,'10.0.0.9;',0,0,0,0,0, 0, 0,0
204.5,'10.0.0.25;',0,0,0,0,0, 0, 0,0
204.5,'10.0.0.15;',0,0,0,0,0, 0, 0,0
204.5,'10.0.0.7;',0,0,0,0,0, 0, 0,0
204.5,'10.0.0.21;',0,0,0,0,0, 0, 0,0
204.5,'10.0.0.24;',0,0,0,0,0, 0, 0,0
204.5,'10.0.0.6;',0,0,0,0,0, 0, 0,0
204.5,'10.0.0.14;',0,0,0,0,0, 0, 0,0
204.5,'10.0.0.22;',0,0,0,0,0, 0, 0,0
204.5,'10.0.0.28;',0,0,0,0,0, 0, 0,0
204.5,'10.0.0.27;',0,0,0,0,0, 0, 0,0
204.5,'10.0.0.11;',0,0,0,0,0, 0, 0,0
204.5,'10.0.0.1;',0,0,0,0,0, 0, 0,0
204.5,'10.0.0.3;',0,0,0,0,0, 0, 0,0
204.5,'10.0.0.2;',0,0,0,0,0, 0, 0,0
204.5,'10.0.0.16;',0,0,0,0,0, 0, 0,0
204.5,'10.0.0.26;',0,0,0,0,0, 0, 0,0
204.5,'10.0.0.12;',0,0,0,0,0, 0, 0,0
204.5,'10.0.0.17;',0,0,0,0,0, 0, 0,0
204.5,'10.0.0.13;',0,0,0,0,0, 0, 0,0
204.5,'10.0.0.20;',0,0,0,0,0, 0, 0,0
204.5,'10.0.0.23;',0,0,0,0,0, 0, 0,0
204.5,'10.0.0.4;',0,0,0,0,0, 0, 0,0
204.5,'10.0.0.19;',0,0,0,0,0, 0, 0,0
204.5,'10.0.0.18;',0,0,0,0,0, 0, 0,0
204.5,'10.0.0.10;',0,0,0,0,0, 0, 0,0
209.5,'10.0.0.5;',0,0,0,0,0, 0, 0,0
209.5,'10.0.0.8;',0,0,0,0,0, 0, 0,0
209.5,'10.0.0.9;',0,0,0,0,0, 0, 0,0
209.5,'10.0.0.25;',0,0,0,0,0, 0, 0,0
209.5,'10.0.0.15;',0,0,0,0,0, 0, 0,0
209.5,'10.0.0.7;',0,0,0,0,0, 0, 0,0
209.5,'10.0.0.21;',0,0,0,0,0, 0, 0,0
209.5,'10.0.0.24;',0,0,0,0,0, 0, 0,0
209.5,'10.0.0.6;',0,0,0,0,0, 0, 0,0
209.5,'10.0.0.14;',0,0,0,0,0, 0, 0,0
209.5,'10.0.0.22;',0,0,0,0,0, 0, 0,0
209.5,'10.0.0.28;',0,0,0,0,0, 0, 0,0
209.5,'10.0.0.27;',0,0,0,0,0, 0, 0,0
209.5,'10.0.0.11;',0,0,0,0,0, 0, 0,0
209.5,'10.0.0.1;',0,0,0,0,0, 0, 0,0
209.5,'10.0.0.3;',0,0,0,0,0, 0, 0,0
209.5,'10.0.0.2;',0,0,0,0,0, 0, 0,0
209.5,'10.0.0.16;',0,0,0,0,0, 0, 0,0
209.5,'10.0.0.26;',0,0,0,0,0, 0, 0,0
209.5,'10.0.0.12;',0,0,0,0,0, 0, 0,0
209.5,'10.0.0.17;',0,0,0,0,0, 0, 0,0
209.5,'10.0.0.13;',0,0,0,0,0, 0, 0,0
209.5,'10.0.0.20;',0,0,0,0,0, 0, 0,0
209.5,'10.0.0.23;',0,0,0,0,0, 0, 0,0
209.5,'10.0.0.4;',0,0,0,0,0, 0, 0,0
209.5,'10.0.0.19;',0,0,0,0,0, 0, 0,0
209.5,'10.0.0.18;',0,0,0,0,0, 0, 0,0
209.5,'10.0.0.10;',0,0,0,0,0, 0, 0,0
214.5,'10.0.0.5;',0,0,0,0,0, 0, 0,0
214.5,'10.0.0.8;',0,0,0,0,0, 0, 0,0
214.5,'10.0.0.9;',0,0,0,0,0, 0, 0,0
214.5,'10.0.0.25;',0,0,0,0,0, 0, 0,0
214.5,'10.0.0.15;',0,0,0,0,0, 0, 0,0
214.5,'10.0.0.7;',0,0,0,0,0, 0, 0,0
214.5,'10.0.0.21;',0,0,0,0,0, 0, 0,0
214.5,'10.0.0.24;',0,0,0,0,0, 0, 0,0
214.5,'10.0.0.6;',0,0,0,0,0, 0, 0,0
214.5,'10.0.0.14;',0,0,0,0,0, 0, 0,0
214.5,'10.0.0.22;',0,0,0,0,0, 0, 0,0
214.5,'10.0.0.28;',0,0,0,0,0, 0, 0,0
214.5,'10.0.0.27;',0,0,0,0,0, 0, 0,0
214.5,'10.0.0.11;',0,0,0,0,0, 0, 0,0
214.5,'10.0.0.1;',0,0,0,0,0, 0, 0,0
214.5,'10.0.0.3;',0,0,0,0,0, 0, 0,0
214.5,'10.0.0.2;',0,0,0,0,0, 0, 0,0
214.5,'10.0.0.16;',0,0,0,0,0, 0, 0,0
214.5,'10.0.0.26;',0,0,0,0,0, 0, 0,0
214.5,'10.0.0.12;',0,0,0,0,0, 0, 0,0
214.5,'10.0.0.17;',0,0,0,0,0, 0, 0,0
214.5,'10.0.0.13;',0,0,0,0,0, 0, 0,0
214.5,'10.0.0.20;',0,0,0,0,0, 0, 0,0
214.5,'10.0.0.23;',0,0,0,0,0, 0, 0,0
214.5,'10.0.0.4;',0,0,0,0,0, 0, 0,0
214.5,'10.0.0.19;',0,0,0,0,0, 0, 0,0
214.5,'10.0.0.18;',0,0,0,0,0, 0, 0,0
214.5,'10.0.0.10;',0,0,0,0,0, 0, 0,0
219.5,'10.0.0.5;',0,0,0,0,0, 0, 0,0
219.5,'10.0.0.8;',0,0,0,0,0, 0, 0,0
219.5,'10.0.0.9;',0,0,0,0,0, 0, 0,0
219.5,'10.0.0.25;',0,0,0,0,0, 0, 0,0
219.5,'10.0.0.15;',0,0,0,0,0, 0, 0,0
219.5,'10.0.0.7;',0,0,0,0,0, 0, 0,0
219.5,'10.0.0.21;',0,0,0,0,0, 0, 0,0
219.5,'10.0.0.24;',0,0,0,0,0, 0, 0,0
219.5,'10.0.0.6;',0,0,0,0,0, 0, 0,0
219.5,'10.0.0.14;',0,0,0,0,0, 0, 0,0
219.5,'10.0.0.22;',0,0,0,0,0, 0, 0,0
219.5,'10.0.0.28;',0,0,0,0,0, 0, 0,0
219.5,'10.0.0.27;',0,0,0,0,0, 0, 0,0
219.5,'10.0.0.11;',0,0,0,0,0, 0, 0,0
219.5,'10.0.0.1;',0,0,0,0,0, 0, 0,0
219.5,'10.0.0.3;',0,0,0,0,0, 0, 0,0
219.5,'10.0.0.2;',0,0,0,0,0, 0, 0,0
219.5,'10.0.0.16;',0,0,0,0,0, 0, 0,0
219.5,'10.0.0.26;',0,0,0,0,0, 0, 0,0
219.5,'10.0.0.12;',0,0,0,0,0, 0, 0,0
219.5,'10.0.0.17;',0,0,0,0,0, 0, 0,0
219.5,'10.0.0.13;',0,0,0,0,0, 0, 0,0
219.5,'10.0.0.20;',0,0,0,0,0, 0, 0,0
219.5,'10.0.0.23;',0,0,0,0,0, 0, 0,0
219.5,'10.0.0.4;',0,0,0,0,0, 0, 0,0
219.5,'10.0.0.19;',0,0,0,0,0, 0, 0,0
219.5,'10.0.0.18;',0,0,0,0,0, 0, 0,0
219.5,'10.0.0.10;',0,0,0,0,0, 0, 0,0
224.5,'10.0.0.5;',0,0,0,0,0, 0, 0,0
224.5,'10.0.0.8;',0,0,0,0,0, 0, 0,0
224.5,'10.0.0.9;',0,0,0,0,0, 0, 0,0
224.5,'10.0.0.25;',0,0,0,0,0, 0, 0,0
224.5,'10.0.0.15;',0,0,0,0,0, 0, 0,0
224.5,'10.0.0.7;',0,0,0,0,0, 0, 0,0
224.5,'10.0.0.21;',0,0,0,0,0, 0, 0,0
224.5,'10.0.0.24;',0,0,0,0,0, 0, 0,0
224.5,'10.0.0.6;',0,0,0,0,0, 0, 0,0
224.5,'10.0.0.14;',0,0,0,0,0, 0, 0,0
224.5,'10.0.0.22;',0,0,0,0,0, 0, 0,0
224.5,'10.0.0.28;',0,0,0,0,0, 0, 0,0
224.5,'10.0.0.27;',0,0,0,0,0, 0, 0,0
224.5,'10.0.0.11;',0,0,0,0,0, 0, 0,0
224.5,'10.0.0.1;',0,0,0,0,0, 0, 0,0
224.5,'10.0.0.3;',0,0,0,0,0, 0, 0,0
224.5,'10.0.0.2;',0,0,0,0,0, 0, 0,0
224.5,'10.0.0.16;',0,0,0,0,0, 0, 0,0
224.5,'10.0.0.26;',0,0,0,0,0, 0, 0,0
224.5,'10.0.0.12;',0,0,0,0,0, 0, 0,0
224.5,'10.0.0.17;',0,0,0,0,0, 0, 0,0
224.5,'10.0.0.13;',0,0,0,0,0, 0, 0,0
224.5,'10.0.0.20;',0,0,0,0,0, 0, 0,0
224.5,'10.0.0.23;',0,0,0,0,0, 0, 0,0
224.5,'10.0.0.4;',0,0,0,0,0, 0, 0,0
224.5,'10.0.0.19;',0,0,0,0,0, 0, 0,0
224.5,'10.0.0.18;',0,0,0,0,0, 0, 0,0
224.5,'10.0.0.10;',0,0,0,0,0, 0, 0,0
229.5,'10.0.0.5;',0,0,0,0,0, 0, 0,0
229.5,'10.0.0.8;',0,0,0,0,0, 0, 0,0
229.5,'10.0.0.9;',0,0,0,0,0, 0, 0,0
229.5,'10.0.0.25;',0,0,0,0,0, 0, 0,0
229.5,'10.0.0.15;',0,0,0,0,0, 0, 0,0
229.5,'10.0.0.7;',0,0,0,0,0, 0, 0,0
229.5,'10.0.0.21;',0,0,0,0,0, 0, 0,0
229.5,'10.0.0.24;',0,0,0,0,0, 0, 0,0
229.5,'10.0.0.6;',0,0,0,0,0, 0, 0,0
229.5,'10.0.0.14;',0,0,0,0,0, 0, 0,0
229.5,'10.0.0.22;',0,0,0,0,0, 0, 0,0
229.5,'10.0.0.28;',0,0,0,0,0, 0, 0,0
229.5,'10.0.0.27;',0,0,0,0,0, 0, 0,0
229.5,'10.0.0.11;',0,0,0,0,0, 0, 0,0
229.5,'10.0.0.1;',0,0,0,0,0, 0, 0,0
229.5,'10.0.0.3;',0,0,0,0,0, 0, 0,0
229.5,'10.0.0.2;',0,0,0,0,0, 0, 0,0
229.5,'10.0.0.16;',0,0,0,0,0, 0, 0,0
229.5,'10.0.0.26;',0,0,0,0,0, 0, 0,0
229.5,'10.0.0.12;',0,0,0,0,0, 0, 0,0
229.5,'10.0.0.17;',0,0,0,0,0, 0, 0,0
229.5,'10.0.0.13;',0,0,0,0,0, 0, 0,0
229.5,'10.0.0.20;',0,0,0,0,0, 0, 0,0
229.5,'10.0.0.23;',0,0,0,0,0, 0, 0,0
229.5,'10.0.0.4;',0,0,0,0,0, 0, 0,0
229.5,'10.0.0.19;',0,0,0,0,0, 0, 0,0
229.5,'10.0.0.18;',0,0,0,0,0, 0, 0,0
229.5,'10.0.0.10;',0,0,0,0,0, 0, 0,0
234.5,'10.0.0.5;',0,0,0,0,0, 0, 0,0
234.5,'10.0.0.8;',0,0,0,0,0, 0, 0,0
234.5,'10.0.0.9;',0,0,0,0,0, 0, 0,0
234.5,'10.0.0.25;',0,0,0,0,0, 0, 0,0
234.5,'10.0.0.15;',0,0,0,0,0, 0, 0,0
234.5,'10.0.0.7;',0,0,0,0,0, 0, 0,0
234.5,'10.0.0.21;',0,0,0,0,0, 0, 0,0
234.5,'10.0.0.24;',0,0,0,0,0, 0, 0,0
234.5,'10.0.0.6;',0,0,0,0,0, 0, 0,0
234.5,'10.0.0.14;',0,0,0,0,0, 0, 0,0
234.5,'10.0.0.22;',0,0,0,0,0, 0, 0,0
234.5,'10.0.0.28;',0,0,0,0,0, 0, 0,0
234.5,'10.0.0.27;',0,0,0,0,0, 0, 0,0
234.5,'10.0.0.11;',0,0,0,0,0, 0, 0,0
234.5,'10.0.0.1;',0,0,0,0,0, 0, 0,0
234.5,'10.0.0.3;',0,0,0,0,0, 0, 0,0
234.5,'10.0.0.2;',0,0,0,0,0, 0, 0,0
234.5,'10.0.0.16;',0,0,0,0,0, 0, 0,0
234.5,'10.0.0.26;',0,0,0,0,0, 0, 0,0
234.5,'10.0.0.12;',0,0,0,0,0, 0, 0,0
234.5,'10.0.0.17;',0,0,0,0,0, 0, 0,0
234.5,'10.0.0.13;',0,0,0,0,0, 0, 0,0
234.5,'10.0.0.20;',0,0,0,0,0, 0, 0,0
234.5,'10.0.0.23;',0,0,0,0,0, 0, 0,0
234.5,'10.0.0.4;',0,0,0,0,0, 0, 0,0
234.5,'10.0.0.19;',0,0,0,0,0, 0, 0,0
234.5,'10.0.0.18;',0,0,0,0,0, 0, 0,0
234.5,'10.0.0.10;',0,0,0,0,0, 0, 0,0
239.5,'10.0.0.5;',0,0,0,0,0, 0, 0,0
239.5,'10.0.0.8;',0,0,0,0,0, 0, 0,0
239.5,'10.0.0.9;',0,0,0,0,0, 0, 0,0
239.5,'10.0.0.25;',0,0,0,0,0, 0, 0,0
239.5,'10.0.0.15;',0,0,0,0,0, 0, 0,0
239.5,'10.0.0.7;',0,0,0,0,0, 0, 0,0
239.5,'10.0.0.21;',0,0,0,0,0, 0, 0,0
239.5,'10.0.0.24;',0,0,0,0,0, 0, 0,0
239.5,'10.0.0.6;',0,0,0,0,0, 0, 0,0
239.5,'10.0.0.14;',0,0,0,0,0, 0, 0,0
239.5,'10.0.0.22;',0,0,0,0,0, 0, 0,0
239.5,'10.0.0.28;',0,0,0,0,0, 0, 0,0
239.5,'10.0.0.27;',0,0,0,0,0, 0, 0,0
239.5,'10.0.0.11;',0,0,0,0,0, 0, 0,0
239.5,'10.0.0.1;',0,0,0,0,0, 0, 0,0
239.5,'10.0.0.3;',0,0,0,0,0, 0, 0,0
239.5,'10.0.0.2;',0,0,0,0,0, 0, 0,0
239.5,'10.0.0.16;',0,0,0,0,0, 0, 0,0
239.5,'10.0.0.26;',0,0,0,0,0, 0, 0,0
239.5,'10.0.0.12;',0,0,0,0,0, 0, 0,0
239.5,'10.0.0.17;',0,0,0,0,0, 0, 0,0
239.5,'10.0.0.13;',0,0,0,0,0, 0, 0,0
239.5,'10.0.0.20;',0,0,0,0,0, 0, 0,0
239.5,'10.0.0.23;',0,0,0,0,0, 0, 0,0
239.5,'10.0.0.4;',0,0,0,0,0, 0, 0,0
239.5,'10.0.0.19;',0,0,0,0,0, 0, 0,0
239.5,'10.0.0.18;',0,0,0,0,0, 0, 0,0
239.5,'10.0.0.10;',0,0,0,0,0, 0, 0,0
244.5,'10.0.0.5;',0,0,0,0,0, 0, 0,0
244.5,'10.0.0.8;',0,0,0,0,0, 0, 0,0
244.5,'10.0.0.9;',0,0,0,0,0, 0, 0,0
244.5,'10.0.0.25;',0,0,0,0,0, 0, 0,0
244.5,'10.0.0.15;',0,0,0,0,0, 0, 0,0
244.5,'10.0.0.7;',0,0,0,0,0, 0, 0,0
244.5,'10.0.0.21;',0,0,0,0,0, 0, 0,0
244.5,'10.0.0.24;',0,0,0,0,0, 0, 0,0
244.5,'10.0.0.6;',0,0,0,0,0, 0, 0,0
244.5,'10.0.0.14;',0,0,0,0,0, 0, 0,0
244.5,'10.0.0.22;',0,0,0,0,0, 0, 0,0
244.5,'10.0.0.28;',0,0,0,0,0, 0, 0,0
244.5,'10.0.0.27;',0,0,0,0,0, 0, 0,0
244.5,'10.0.0.11;',0,0,0,0,0, 0, 0,0
244.5,'10.0.0.1;',0,0,0,0,0, 0, 0,0
244.5,'10.0.0.3;',0,0,0,0,0, 0, 0,0
244.5,'10.0.0.2;',0,0,0,0,0, 0, 0,0
244.5,'10.0.0.16;',0,0,0,0,0, 0, 0,0
244.5,'10.0.0.26;',0,0,0,0,0, 0, 0,0
244.5,'10.0.0.12;',0,0,0,0,0, 0, 0,0
244.5,'10.0.0.17;',0,0,0,0,0, 0, 0,0
244.5,'10.0.0.13;',0,0,0,0,0, 0, 0,0
244.5,'10.0.0.20;',0,0,0,0,0, 0, 0,0
244.5,'10.0.0.23;',0,0,0,0,0, 0, 0,0
244.5,'10.0.0.4;',0,0,0,0,0, 0, 0,0
244.5,'10.0.0.19;',0,0,0,0,0, 0, 0,0
244.5,'10.0.0.18;',0,0,0,0,0, 0, 0,0
244.5,'10.0.0.10;',0,0,0,0,0, 0, 0,0
249.5,'10.0.0.5;',0,0,0,0,0, 0, 0,0
249.5,'10.0.0.8;',0,0,0,0,0, 0, 0,0
249.5,'10.0.0.9;',0,0,0,0,0, 0, 0,0
249.5,'10.0.0.25;',0,0,0,0,0, 0, 0,0
249.5,'10.0.0.15;',0,0,0,0,0, 0, 0,0
249.5,'10.0.0.7;',0,0,0,0,0, 0, 0,0
249.5,'10.0.0.21;',0,0,0,0,0, 0, 0,0
249.5,'10.0.0.24;',0,0,0,0,0, 0, 0,0
249.5,'10.0.0.6;',0,0,0,0,0, 0, 0,0
249.5,'10.0.0.14;',0,0,0,0,0, 0, 0,0
249.5,'10.0.0.22;',0,0,0,0,0, 0, 0,0
249.5,'10.0.0.28;',0,0,0,0,0, 0, 0,0
249.5,'10.0.0.27;',0,0,0,0,0, 0, 0,0
249.5,'10.0.0.11;',0,0,0,0,0, 0, 0,0
249.5,'10.0.0.1;',0,0,0,0,0, 0, 0,0
249.5,'10.0.0.3;',0,0,0,0,0, 0, 0,0
249.5,'10.0.0.2;',0,0,0,0,0, 0, 0,0
249.5,'10.0.0.16;',0,0,0,0,0, 0, 0,0
249.5,'10.0.0.26;',0,0,0,0,0, 0, 0,0
249.5,'10.0.0.12;',0,0,0,0,0, 0, 0,0
249.5,'10.0.0.17;',0,0,0,0,0, 0, 0,0
249.5,'10.0.0.13;',0,0,0,0,0, 0, 0,0
249.5,'10.0.0.20;',0,0,0,0,0, 0, 0,0
249.5,'10.0.0.23;',0,0,0,0,0, 0, 0,0
249.5,'10.0.0.4;',0,0,0,0,0, 0, 0,0
249.5,'10.0.0.19;',0,0,0,0,0, 0, 0,0
249.5,'10.0.0.18;',0,0,0,0,0, 0, 0,0
249.5,'10.0.0.10;',0,0,0,0,0, 0, 0,0
254.5,'10.0.0.5;',0,0,0,0,0, 0, 0,0
254.5,'10.0.0.8;',0,0,0,0,0, 0, 0,0
254.5,'10.0.0.9;',0,0,0,0,0, 0, 0,0
254.5,'10.0.0.25;',0,0,0,0,0, 0, 0,0
254.5,'10.0.0.15;',0,0,0,0,0, 0, 0,0
254.5,'10.0.0.7;',0,0,0,0,0, 0, 0,0
254.5,'10.0.0.21;',0,0,0,0,0, 0, 0,0
254.5,'10.0.0.24;',0,0,0,0,0, 0, 0,0
254.5,'10.0.0.6;',0,0,0,0,0, 0, 0,0
254.5,'10.0.0.14;',0,0,0,0,0, 0, 0,0
254.5,'10.0.0.22;',0,0,0,0,0, 0, 0,0
254.5,'10.0.0.28;',0,0,0,0,0, 0, 0,0
254.5,'10.0.0.27;',0,0,0,0,0, 0, 0,0
254.5,'10.0.0.11;',0,0,0,0,0, 0, 0,0
254.5,'10.0.0.1;',0,0,0,0,0, 0, 0,0
254.5,'10.0.0.3;',0,0,0,0,0, 0, 0,0
254.5,'10.0.0.2;',0,0,0,0,0, 0, 0,0
254.5,'10.0.0.16;',0,0,0,0,0, 0, 0,0
254.5,'10.0.0.26;',0,0,0,0,0, 0, 0,0
254.5,'10.0.0.12;',0,0,0,0,0, 0, 0,0
254.5,'10.0.0.17;',0,0,0,0,0, 0, 0,0
254.5,'10.0.0.13;',0,0,0,0,0, 0, 0,0
254.5,'10.0.0.20;',0,0,0,0,0, 0, 0,0
254.5,'10.0.0.23;',0,0,0,0,0, 0, 0,0
254.5,'10.0.0.4;',0,0,0,0,0, 0, 0,0
254.5,'10.0.0.19;',0,0,0,0,0, 0, 0,0
254.5,'10.0.0.18;',0,0,0,0,0, 0, 0,0
254.5,'10.0.0.10;',0,0,0,0,0, 0, 0,0
259.5,'10.0.0.5;',0,0,0,0,0, 0, 0,0
259.5,'10.0.0.8;',0,0,0,0,0, 0, 0,0
259.5,'10.0.0.9;',0,0,0,0,0, 0, 0,0
259.5,'10.0.0.25;',0,0,0,0,0, 0, 0,0
259.5,'10.0.0.15;',0,0,0,0,0, 0, 0,0
259.5,'10.0.0.7;',0,0,0,0,0, 0, 0,0
259.5,'10.0.0.21;',0,0,0,0,0, 0, 0,0
259.5,'10.0.0.24;',0,0,0,0,0, 0, 0,0
259.5,'10.0.0.6;',0,0,0,0,0, 0, 0,0
259.5,'10.0.0.14;',0,0,0,0,0, 0, 0,0
259.5,'10.0.0.22;',0,0,0,0,0, 0, 0,0
259.5,'10.0.0.28;',0,0,0,0,0, 0, 0,0
259.5,'10.0.0.27;',0,0,0,0,0, 0, 0,0
259.5,'10.0.0.11;',0,0,0,0,0, 0, 0,0
259.5,'10.0.0.1;',0,0,0,0,0, 0, 0,0
259.5,'10.0.0.3;',0,0,0,0,0, 0, 0,0
259.5,'10.0.0.2;',0,0,0,0,0, 0, 0,0
259.5,'10.0.0.16;',0,0,0,0,0, 0, 0,0
259.5,'10.0.0.26;',0,0,0,0,0, 0, 0,0
259.5,'10.0.0.12;',0,0,0,0,0, 0, 0,0
259.5,'10.0.0.17;',0,0,0,0,0, 0, 0,0
259.5,'10.0.0.13;',0,0,0,0,0, 0, 0,0
259.5,'10.0.0.20;',0,0,0,0,0, 0, 0,0
259.5,'10.0.0.23;',0,0,0,0,0, 0, 0,0
259.5,'10.0.0.4;',0,0,0,0,0, 0, 0,0
259.5,'10.0.0.19;',0,0,0,0,0, 0, 0,0
259.5,'10.0.0.18;',0,0,0,0,0, 0, 0,0
259.5,'10.0.0.10;',0,0,0,0,0, 0, 0,0
264.5,'10.0.0.5;',0,0,0,0,0, 0, 0,0
264.5,'10.0.0.8;',0,0,0,0,0, 0, 0,0
264.5,'10.0.0.9;',0,0,0,0,0, 0, 0,0
264.5,'10.0.0.25;',0,0,0,0,0, 0, 0,0
264.5,'10.0.0.15;',0,0,0,0,0, 0, 0,0
264.5,'10.0.0.7;',0,0,0,0,0, 0, 0,0
264.5,'10.0.0.21;',0,0,0,0,0, 0, 0,0
264.5,'10.0.0.24;',0,0,0,0,0, 0, 0,0
264.5,'10.0.0.6;',0,0,0,0,0, 0, 0,0
264.5,'10.0.0.14;',0,0,0,0,0, 0, 0,0
264.5,'10.0.0.22;',0,0,0,0,0, 0, 0,0
264.5,'10.0.0.28;',0,0,0,0,0, 0, 0,0
264.5,'10.0.0.27;',0,0,0,0,0, 0, 0,0
264.5,'10.0.0.11;',0,0,0,0,0, 0, 0,0
264.5,'10.0.0.1;',0,0,0,0,0, 0, 0,0
264.5,'10.0.0.3;',0,0,0,0,0, 0, 0,0
264.5,'10.0.0.2;',0,0,0,0,0, 0, 0,0
264.5,'10.0.0.16;',0,0,0,0,0, 0, 0,0
264.5,'10.0.0.26;',0,0,0,0,0, 0, 0,0
264.5,'10.0.0.12;',0,0,0,0,0, 0, 0,0
264.5,'10.0.0.17;',0,0,0,0,0, 0, 0,0
264.5,'10.0.0.13;',0,0,0,0,0, 0, 0,0
264.5,'10.0.0.20;',0,0,0,0,0, 0, 0,0
264.5,'10.0.0.23;',0,0,0,0,0, 0, 0,0
264.5,'10.0.0.4;',0,0,0,0,0, 0, 0,0
264.5,'10.0.0.19;',0,0,0,0,0, 0, 0,0
264.5,'10.0.0.18;',0,0,0,0,0, 0, 0,0
264.5,'10.0.0.10;',0,0,0,0,0, 0, 0,0
269.5,'10.0.0.5;',0,0,0,0,0, 0, 0,0
269.5,'10.0.0.8;',0,0,0,0,0, 0, 0,0
269.5,'10.0.0.9;',0,0,0,0,0, 0, 0,0
269.5,'10.0.0.25;',0,0,0,0,0, 0, 0,0
269.5,'10.0.0.15;',0,0,0,0,0, 0, 0,0
269.5,'10.0.0.7;',0,0,0,0,0, 0, 0,0
269.5,'10.0.0.21;',0,0,0,0,0, 0, 0,0
269.5,'10.0.0.24;',0,0,0,0,0, 0, 0,0
269.5,'10.0.0.6;',0,0,0,0,0, 0, 0,0
269.5,'10.0.0.14;',0,0,0,0,0, 0, 0,0
269.5,'10.0.0.22;',0,0,0,0,0, 0, 0,0
269.5,'10.0.0.28;',0,0,0,0,0, 0, 0,0
269.5,'10.0.0.27;',0,0,0,0,0, 0, 0,0
269.5,'10.0.0.11;',0,0,0,0,0, 0, 0,0
269.5,'10.0.0.1;',0,0,0,0,0, 0, 0,0
269.5,'10.0.0.3;',0,0,0,0,0, 0, 0,0
269.5,'10.0.0.2;',0,0,0,0,0, 0, 0,0
269.5,'10.0.0.16;',0,0,0,0,0, 0, 0,0
269.5,'10.0.0.26;',0,0,0,0,0, 0, 0,0
269.5,'10.0.0.12;',0,0,0,0,0, 0, 0,0
269.5,'10.0.0.17;',0,0,0,0,0, 0, 0,0
269.5,'10.0.0.13;',0,0,0,0,0, 0, 0,0
269.5,'10.0.0.20;',0,0,0,0,0, 0, 0,0
269.5,'10.0.0.23;',0,0,0,0,0, 0, 0,0
269.5,'10.0.0.4;',0,0,0,0,0, 0, 0,0
269.5,'10.0.0.19;',0,0,0,0,0, 0, 0,0
269.5,'10.0.0.18;',0,0,0,0,0, 0, 0,0
269.5,'10.0.0.10;',0,0,0,0,0, 0, 0,0
274.5,'10.0.0.5;',0,0,0,0,0, 0, 0,0
274.5,'10.0.0.8;',0,0,0,0,0, 0, 0,0
274.5,'10.0.0.9;',0,0,0,0,0, 0, 0,0
274.5,'10.0.0.25;',0,0,0,0,0, 0, 0,0
274.5,'10.0.0.15;',0,0,0,0,0, 0, 0,0
274.5,'10.0.0.7;',0,0,0,0,0, 0, 0,0
274.5,'10.0.0.21;',0,0,0,0,0, 0, 0,0
274.5,'10.0.0.24;',0,0,0,0,0, 0, 0,0
274.5,'10.0.0.6;',0,0,0,0,0, 0, 0,0
274.5,'10.0.0.14;',0,0,0,0,0, 0, 0,0
274.5,'10.0.0.22;',0,0,0,0,0, 0, 0,0
274.5,'10.0.0.28;',0,0,0,0,0, 0, 0,0
274.5,'10.0.0.27;',0,0,0,0,0, 0, 0,0
274.5,'10.0.0.11;',0,0,0,0,0, 0, 0,0
274.5,'10.0.0.1;',0,0,0,0,0, 0, 0,0
274.5,'10.0.0.3;',0,0,0,0,0, 0, 0,0
274.5,'10.0.0.2;',0,0,0,0,0, 0, 0,0
274.5,'10.0.0.16;',0,0,0,0,0, 0, 0,0
274.5,'10.0.0.26;',0,0,0,0,0, 0, 0,0
274.5,'10.0.0.12;',0,0,0,0,0, 0, 0,0
274.5,'10.0.0.17;',0,0,0,0,0, 0, 0,0
274.5,'10.0.0.13;',0,0,0,0,0, 0, 0,0
274.5,'10.0.0.20;',0,0,0,0,0, 0, 0,0
274.5,'10.0.0.23;',0,0,0,0,0, 0, 0,0
274.5,'10.0.0.4;',0,0,0,0,0, 0, 0,0
274.5,'10.0.0.19;',0,0,0,0,0, 0, 0,0
274.5,'10.0.0.18;',0,0,0,0,0, 0, 0,0
274.5,'10.0.0.10;',0,0,0,0,0, 0, 0,0
279.5,'10.0.0.5;',0,0,0,0,0, 0, 0,0
279.5,'10.0.0.8;',0,0,0,0,0, 0, 0,0
279.5,'10.0.0.9;',0,0,0,0,0, 0, 0,0
279.5,'10.0.0.25;',0,0,0,0,0, 0, 0,0
279.5,'10.0.0.15;',0,0,0,0,0, 0, 0,0
279.5,'10.0.0.7;',0,0,0,0,0, 0, 0,0
279.5,'10.0.0.21;',0,0,0,0,0, 0, 0,0
279.5,'10.0.0.24;',0,0,0,0,0, 0, 0,0
279.5,'10.0.0.6;',0,0,0,0,0, 0, 0,0
279.5,'10.0.0.14;',0,0,0,0,0, 0, 0,0
279.5,'10.0.0.22;',0,0,0,0,0, 0, 0,0
279.5,'10.0.0.28;',0,0,0,0,0, 0, 0,0
279.5,'10.0.0.27;',0,0,0,0,0, 0, 0,0
279.5,'10.0.0.11;',0,0,0,0,0, 0, 0,0
279.5,'10.0.0.1;',0,0,0,0,0, 0, 0,0
279.5,'10.0.0.3;',0,0,0,0,0, 0, 0,0
279.5,'10.0.0.2;',0,0,0,0,0, 0, 0,0
279.5,'10.0.0.16;',0,0,0,0,0, 0, 0,0
279.5,'10.0.0.26;',0,0,0,0,0, 0, 0,0
279.5,'10.0.0.12;',0,0,0,0,0, 0, 0,0
279.5,'10.0.0.17;',0,0,0,0,0, 0, 0,0
279.5,'10.0.0.13;',0,0,0,0,0, 0, 0,0
279.5,'10.0.0.20;',0,0,0,0,0, 0, 0,0
279.5,'10.0.0.23;',0,0,0,0,0, 0, 0,0
279.5,'10.0.0.4;',0,0,0,0,0, 0, 0,0
279.5,'10.0.0.19;',0,0,0,0,0, 0, 0,0
279.5,'10.0.0.18;',0,0,0,0,0, 0, 0,0
279.5,'10.0.0.10;',0,0,0,0,0, 0, 0,0
284.5,'10.0.0.5;',0,0,0,0,0, 0, 0,0
284.5,'10.0.0.8;',0,0,0,0,0, 0, 0,0
284.5,'10.0.0.9;',0,0,0,0,0, 0, 0,0
284.5,'10.0.0.25;',0,0,0,0,0, 0, 0,0
284.5,'10.0.0.15;',0,0,0,0,0, 0, 0,0
284.5,'10.0.0.7;',0,0,0,0,0, 0, 0,0
284.5,'10.0.0.21;',0,0,0,0,0, 0, 0,0
284.5,'10.0.0.24;',0,0,0,0,0, 0, 0,0
284.5,'10.0.0.6;',0,0,0,0,0, 0, 0,0
284.5,'10.0.0.14;',0,0,0,0,0, 0, 0,0
284.5,'10.0.0.22;',0,0,0,0,0, 0, 0,0
284.5,'10.0.0.28;',0,0,0,0,0, 0, 0,0
284.5,'10.0.0.27;',0,0,0,0,0, 0, 0,0
284.5,'10.0.0.11;',0,0,0,0,0, 0, 0,0
284.5,'10.0.0.1;',0,0,0,0,0, 0, 0,0
284.5,'10.0.0.3;',0,0,0,0,0, 0, 0,0
284.5,'10.0.0.2;',0,0,0,0,0, 0, 0,0
284.5,'10.0.0.16;',0,0,0,0,0, 0, 0,0
284.5,'10.0.0.26;',0,0,0,0,0, 0, 0,0
284.5,'10.0.0.12;',0,0,0,0,0, 0, 0,0
284.5,'10.0.0.17;',0,0,0,0,0, 0, 0,0
284.5,'10.0.0.13;',0,0,0,0,0, 0, 0,0
284.5,'10.0.0.20;',0,0,0,0,0, 0, 0,0
284.5,'10.0.0.23;',0,0,0,0,0, 0, 0,0
284.5,'10.0.0.4;',0,0,0,0,0, 0, 0,0
284.5,'10.0.0.19;',0,0,0,0,0, 0, 0,0
284.5,'10.0.0.18;',0,0,0,0,0, 0, 0,0
284.5,'10.0.0.10;',0,0,0,0,0, 0, 0,0
289.5,'10.0.0.5;',0,0,0,0,0, 0, 0,0
289.5,'10.0.0.8;',0,0,0,0,0, 0, 0,0
289.5,'10.0.0.9;',0,0,0,0,0, 0, 0,0
289.5,'10.0.0.25;',0,0,0,0,0, 0, 0,0
289.5,'10.0.0.15;',0,0,0,0,0, 0, 0,0
289.5,'10.0.0.7;',0,0,0,0,0, 0, 0,0
289.5,'10.0.0.21;',0,0,0,0,0, 0, 0,0
289.5,'10.0.0.24;',0,0,0,0,0, 0, 0,0
289.5,'10.0.0.6;',0,0,0,0,0, 0, 0,0
289.5,'10.0.0.14;',0,0,0,0,0, 0, 0,0
289.5,'10.0.0.22;',0,0,0,0,0, 0, 0,0
289.5,'10.0.0.28;',0,0,0,0,0, 0, 0,0
289.5,'10.0.0.27;',0,0,0,0,0, 0, 0,0
289.5,'10.0.0.11;',0,0,0,0,0, 0, 0,0
289.5,'10.0.0.1;',0,0,0,0,0, 0, 0,0
289.5,'10.0.0.3;',0,0,0,0,0, 0, 0,0
289.5,'10.0.0.2;',0,0,0,0,0, 0, 0,0
289.5,'10.0.0.16;',0,0,0,0,0, 0, 0,0
289.5,'10.0.0.26;',0,0,0,0,0, 0, 0,0
289.5,'10.0.0.12;',0,0,0,0,0, 0, 0,0
289.5,'10.0.0.17;',0,0,0,0,0, 0, 0,0
289.5,'10.0.0.13;',0,0,0,0,0, 0, 0,0
289.5,'10.0.0.20;',0,0,0,0,0, 0, 0,0
289.5,'10.0.0.23;',0,0,0,0,0, 0, 0,0
289.5,'10.0.0.4;',0,0,0,0,0, 0, 0,0
289.5,'10.0.0.19;',0,0,0,0,0, 0, 0,0
289.5,'10.0.0.18;',0,0,0,0,0, 0, 0,0
289.5,'10.0.0.10;',0,0,0,0,0, 0, 0,0
294.5,'10.0.0.5;',0,0,0,0,0, 0, 0,0
294.5,'10.0.0.8;',0,0,0,0,0, 0, 0,0
294.5,'10.0.0.9;',0,0,0,0,0, 0, 0,0
294.5,'10.0.0.25;',0,0,0,0,0, 0, 0,0
294.5,'10.0.0.15;',0,0,0,0,0, 0, 0,0
294.5,'10.0.0.7;',0,0,0,0,0, 0, 0,0
294.5,'10.0.0.21;',0,0,0,0,0, 0, 0,0
294.5,'10.0.0.24;',0,0,0,0,0, 0, 0,0
294.5,'10.0.0.6;',0,0,0,0,0, 0, 0,0
294.5,'10.0.0.14;',0,0,0,0,0, 0, 0,0
294.5,'10.0.0.22;',0,0,0,0,0, 0, 0,0
294.5,'10.0.0.28;',0,0,0,0,0, 0, 0,0
294.5,'10.0.0.27;',0,0,0,0,0, 0, 0,0
294.5,'10.0.0.11;',0,0,0,0,0, 0, 0,0
294.5,'10.0.0.1;',0,0,0,0,0, 0, 0,0
294.5,'10.0.0.3;',0,0,0,0,0, 0, 0,0
294.5,'10.0.0.2;',0,0,0,0,0, 0, 0,0
294.5,'10.0.0.16;',0,0,0,0,0, 0, 0,0
294.5,'10.0.0.26;',0,0,0,0,0, 0, 0,0
294.5,'10.0.0.12;',0,0,0,0,0, 0, 0,0
294.5,'10.0.0.17;',0,0,0,0,0, 0, 0,0
294.5,'10.0.0.13;',0,0,0,0,0, 0, 0,0
294.5,'10.0.0.20;',0,0,0,0,0, 0, 0,0
294.5,'10.0.0.23;',0,0,0,0,0, 0, 0,0
294.5,'10.0.0.4;',0,0,0,0,0, 0, 0,0
294.5,'10.0.0.19;',0,0,0,0,0, 0, 0,0
294.5,'10.0.0.18;',0,0,0,0,0, 0, 0,0
294.5,'10.0.0.10;',0,0,0,0,0, 0, 0,0
299.5,'10.0.0.5;',0,0,0,0,0, 0, 0,0
299.5,'10.0.0.8;',0,0,0,0,0, 0, 0,0
299.5,'10.0.0.9;',0,0,0,0,0, 0, 0,0
299.5,'10.0.0.25;',0,0,0,0,0, 0, 0,0
299.5,'10.0.0.15;',0,0,0,0,0, 0, 0,0
299.5,'10.0.0.7;',0,0,0,0,0, 0, 0,0
299.5,'10.0.0.21;',0,0,0,0,0, 0, 0,0
299.5,'10.0.0.24;',0,0,0,0,0, 0, 0,0
299.5,'10.0.0.6;',0,0,0,0,0, 0, 0,0
299.5,'10.0.0.14;',0,0,0,0,0, 0, 0,0
299.5,'10.0.0.22;',0,0,0,0,0, 0, 0,0
299.5,'10.0.0.28;',0,0,0,0,0, 0, 0,0
299.5,'10.0.0.27;',0,0,0,0,0, 0, 0,0
299.5,'10.0.0.11;',0,0,0,0,0, 0, 0,0
299.5,'10.0.0.1;',0,0,0,0,0, 0, 0,0
299.5,'10.0.0.3;',0,0,0,0,0, 0, 0,0
299.5,'10.0.0.2;',0,0,0,0,0, 0, 0,0
299.5,'10.0.0.16;',0,0,0,0,0, 0, 0,0
299.5,'10.0.0.26;',0,0,0,0,0, 0, 0,0
299.5,'10.0.0.12;',0,0,0,0,0, 0, 0,0
299.5,'10.0.0.17;',0,0,0,0,0, 0, 0,0
299.5,'10.0.0.13;',0,0,0,0,0, 0, 0,0
299.5,'10.0.0.20;',0,0,0,0,0, 0, 0,0
299.5,'10.0.0.23;',0,0,0,0,0, 0, 0,0
299.5,'10.0.0.4;',0,0,0,0,0, 0, 0,0
299.5,'10.0.0.19;',0,0,0,0,0, 0, 0,0
299.5,'10.0.0.18;',0,0,0,0,0, 0, 0,0
299.5,'10.0.0.10;',0,0,0,0,0, 0, 0,0
