Timestamp, Node, CoreEstimationIn, CoresEstimationDropped, Collusion, NodeDrop, NodeIn, NodeOut
24.5, 0,0, 0,0, 0,0, 0
24.5, 1,0, 0,0, 0,0, 0
24.5, 2,0, 0,0, 0,0, 0
24.5, 3,0, 0,0, 0,0, 0
24.5, 4,0, 0,0, 0,0, 0
24.5, 5,0, 0,0, 0,0, 0
24.5, 6,0, 0,0, 0,0, 0
24.5, 7,0, 0,0, 0,0, 0
24.5, 8,0, 0,0, 0,0, 0
24.5, 9,0, 0,0, 0,0, 0
24.5, 10,0, 0,0, 0,0, 0
24.5, 11,0, 0,0, 0,0, 0
24.5, 12,0, 0,0, 0,0, 0
24.5, 13,0, 0,0, 0,0, 0
24.5, 14,0, 0,0, 0,0, 0
24.5, 15,0, 0,0, 0,0, 0
24.5, 16,0, 0,0, 0,0, 0
24.5, 17,0, 0,0, 0,0, 0
24.5, 18,0, 0,0, 0,0, 0
24.5, 19,0, 0,0, 0,0, 0
24.5, 20,0, 0,0, 0,0, 0
24.5, 21,0, 0,0, 0,0, 0
24.5, 22,0, 0,0, 0,0, 0
24.5, 23,0, 0,0, 0,0, 0
24.5, 24,0, 0,0, 0,0, 0
24.5, 25,0, 0,0, 0,0, 0
24.5, 26,0, 0,0, 0,0, 0
24.5, 27,0, 0,0, 0,0, 0
29.5, 0,0, 0,0, 0,0, 0
29.5, 1,0, 0,0, 0,0, 0
29.5, 2,0, 0,0, 0,0, 0
29.5, 3,0, 0,0, 0,0, 0
29.5, 4,0, 0,0, 0,0, 0
29.5, 5,0, 0,0, 0,0, 0
29.5, 6,0, 0,0, 0,0, 0
29.5, 7,0, 0,0, 0,0, 0
29.5, 8,0, 0,0, 0,0, 0
29.5, 9,0, 0,0, 0,0, 0
29.5, 10,0, 0,0, 0,0, 0
29.5, 11,0, 0,0, 0,0, 0
29.5, 12,0, 0,0, 0,0, 0
29.5, 13,0, 0,0, 0,0, 0
29.5, 14,0, 0,0, 0,0, 0
29.5, 15,0, 0,0, 0,0, 0
29.5, 16,0, 0,0, 0,0, 0
29.5, 17,0, 0,0, 0,0, 0
29.5, 18,0, 0,0, 0,0, 0
29.5, 19,0, 0,0, 0,0, 0
29.5, 20,0, 0,0, 0,0, 0
29.5, 21,0, 0,0, 0,0, 0
29.5, 22,0, 0,0, 0,0, 0
29.5, 23,0, 0,0, 0,0, 0
29.5, 24,0, 0,0, 0,0, 0
29.5, 25,0, 0,0, 0,0, 0
29.5, 26,0, 0,0, 0,0, 0
29.5, 27,0, 0,0, 0,0, 0
34.5, 0,0, 0,0, 0,0, 0
34.5, 1,0, 0,0, 0,0, 0
34.5, 2,0, 0,0, 0,0, 0
34.5, 3,0, 0,0, 0,0, 0
34.5, 4,0, 0,0, 0,0, 0
34.5, 5,0, 0,0, 0,0, 0
34.5, 6,0, 0,0, 0,0, 0
34.5, 7,0, 0,0, 0,0, 0
34.5, 8,0, 0,0, 0,0, 0
34.5, 9,0, 0,0, 0,0, 0
34.5, 10,0, 0,0, 0,0, 0
34.5, 11,0, 0,0, 0,0, 0
34.5, 12,0, 0,0, 0,0, 0
34.5, 13,0, 0,0, 0,0, 0
34.5, 14,0, 0,0, 0,0, 0
34.5, 15,0, 0,0, 0,0, 0
34.5, 16,0, 0,0, 0,0, 0
34.5, 17,0, 0,0, 0,0, 0
34.5, 18,0, 0,0, 0,0, 0
34.5, 19,0, 0,0, 0,0, 0
34.5, 20,0, 0,0, 0,0, 0
34.5, 21,0, 0,0, 0,0, 0
34.5, 22,0, 0,0, 0,0, 0
34.5, 23,0, 0,0, 0,0, 0
34.5, 24,0, 0,0, 0,0, 0
34.5, 25,0, 0,0, 0,0, 0
34.5, 26,0, 0,0, 0,0, 0
34.5, 27,0, 0,0, 0,0, 0
39.5, 0,0, 0,0, 0,0, 0
39.5, 1,0, 0,0, 0,0, 0
39.5, 2,0, 0,0, 0,0, 0
39.5, 3,0, 0,0, 0,0, 0
39.5, 4,0, 0,0, 0,0, 0
39.5, 5,0, 0,0, 0,0, 0
39.5, 6,0, 0,0, 0,0, 0
39.5, 7,0, 0,0, 0,0, 0
39.5, 8,0, 0,0, 0,0, 0
39.5, 9,0, 0,0, 0,0, 0
39.5, 10,0, 0,0, 0,0, 0
39.5, 11,0, 0,0, 0,0, 0
39.5, 12,0, 0,0, 0,0, 0
39.5, 13,0, 0,0, 0,0, 0
39.5, 14,0, 0,0, 0,0, 0
39.5, 15,0, 0,0, 0,0, 0
39.5, 16,0, 0,0, 0,0, 0
39.5, 17,0, 0,0, 0,0, 0
39.5, 18,0, 0,0, 0,0, 0
39.5, 19,0, 0,0, 0,0, 0
39.5, 20,0, 0,0, 0,0, 0
39.5, 21,0, 0,0, 0,0, 0
39.5, 22,0, 0,0, 0,0, 0
39.5, 23,0, 0,0, 0,0, 0
39.5, 24,0, 0,0, 0,0, 0
39.5, 25,0, 0,0, 0,0, 0
39.5, 26,0, 0,0, 0,0, 0
39.5, 27,0, 0,0, 0,0, 0
44.5, 0,0, 0,0, 0,0, 0
44.5, 1,0, 0,0, 0,0, 0
44.5, 2,0, 0,0, 0,0, 0
44.5, 3,0, 0,0, 0,0, 0
44.5, 4,0, 0,0, 0,0, 0
44.5, 5,0, 0,0, 0,0, 0
44.5, 6,0, 0,0, 0,0, 0
44.5, 7,0, 0,0, 0,0, 0
44.5, 8,0, 0,0, 0,0, 0
44.5, 9,0, 0,0, 0,0, 0
44.5, 10,0, 0,0, 0,0, 0
44.5, 11,0, 0,0, 0,0, 0
44.5, 12,0, 0,0, 0,0, 0
44.5, 13,0, 0,0, 0,0, 0
44.5, 14,0, 0,0, 0,0, 0
44.5, 15,0, 0,0, 0,0, 0
44.5, 16,0, 0,0, 0,0, 0
44.5, 17,0, 0,0, 0,0, 0
44.5, 18,0, 0,0, 0,0, 0
44.5, 19,0, 0,0, 0,0, 0
44.5, 20,0, 0,0, 0,0, 0
44.5, 21,0, 0,0, 0,0, 0
44.5, 22,0, 0,0, 0,0, 0
44.5, 23,0, 0,0, 0,0, 0
44.5, 24,0, 0,0, 0,0, 0
44.5, 25,0, 0,0, 0,0, 0
44.5, 26,0, 0,0, 0,0, 0
44.5, 27,0, 0,0, 0,0, 0
49.5, 0,0, 0,0, 0,0, 0
49.5, 1,0, 0,0, 0,0, 0
49.5, 2,0, 0,0, 0,0, 0
49.5, 3,0, 0,0, 0,0, 0
49.5, 4,0, 0,0, 0,0, 0
49.5, 5,0, 0,0, 0,0, 0
49.5, 6,0, 0,0, 0,0, 0
49.5, 7,0, 0,0, 0,0, 0
49.5, 8,0, 0,0, 0,0, 0
49.5, 9,0, 0,0, 0,0, 0
49.5, 10,0, 0,0, 0,0, 0
49.5, 11,0, 0,0, 0,0, 0
49.5, 12,0, 0,0, 0,0, 0
49.5, 13,0, 0,0, 0,0, 0
49.5, 14,0, 0,0, 0,0, 0
49.5, 15,0, 0,0, 0,0, 0
49.5, 16,0, 0,0, 0,0, 0
49.5, 17,0, 0,0, 0,0, 0
49.5, 18,0, 0,0, 0,0, 0
49.5, 19,0, 0,0, 0,0, 0
49.5, 20,0, 0,0, 0,0, 0
49.5, 21,0, 0,0, 0,0, 0
49.5, 22,0, 0,0, 0,0, 0
49.5, 23,0, 0,0, 0,0, 0
49.5, 24,0, 0,0, 0,0, 0
49.5, 25,0, 0,0, 0,0, 0
49.5, 26,0, 0,0, 0,0, 0
49.5, 27,0, 0,0, 0,0, 0
54.5, 0,0, 0,0, 0,0, 0
54.5, 1,0, 0,0, 0,0, 0
54.5, 2,0, 0,0, 0,0, 0
54.5, 3,0, 0,0, 0,0, 0
54.5, 4,0, 0,0, 0,0, 0
54.5, 5,0, 0,0, 0,0, 0
54.5, 6,0, 0,0, 0,0, 0
54.5, 7,0, 0,0, 0,0, 0
54.5, 8,0, 0,0, 0,0, 0
54.5, 9,0, 0,0, 0,0, 0
54.5, 10,0, 0,0, 0,0, 0
54.5, 11,0, 0,0, 0,0, 0
54.5, 12,0, 0,0, 0,0, 0
54.5, 13,0, 0,0, 0,0, 0
54.5, 14,0, 0,0, 0,0, 0
54.5, 15,0, 0,0, 0,0, 0
54.5, 16,0, 0,0, 0,0, 0
54.5, 17,0, 0,0, 0,0, 0
54.5, 18,0, 0,0, 0,0, 0
54.5, 19,0, 0,0, 0,0, 0
54.5, 20,0, 0,0, 0,0, 0
54.5, 21,0, 0,0, 0,0, 0
54.5, 22,0, 0,0, 0,0, 0
54.5, 23,0, 0,0, 0,0, 0
54.5, 24,0, 0,0, 0,0, 0
54.5, 25,0, 0,0, 0,0, 0
54.5, 26,0, 0,0, 0,0, 0
54.5, 27,0, 0,0, 0,0, 0
59.5, 0,0, 0,0, 0,0, 0
59.5, 1,0, 0,0, 0,0, 0
59.5, 2,0, 0,0, 0,0, 0
59.5, 3,0, 0,0, 0,0, 0
59.5, 4,0, 0,0, 0,0, 0
59.5, 5,0, 0,0, 0,0, 0
59.5, 6,0, 0,0, 0,0, 0
59.5, 7,0, 0,0, 0,0, 0
59.5, 8,0, 0,0, 0,0, 0
59.5, 9,0, 0,0, 0,0, 0
59.5, 10,0, 0,0, 0,0, 0
59.5, 11,0, 0,0, 0,0, 0
59.5, 12,0, 0,0, 0,0, 0
59.5, 13,0, 0,0, 0,0, 0
59.5, 14,0, 0,0, 0,0, 0
59.5, 15,0, 0,0, 0,0, 0
59.5, 16,0, 0,0, 0,0, 0
59.5, 17,0, 0,0, 0,0, 0
59.5, 18,0, 0,0, 0,0, 0
59.5, 19,0, 0,0, 0,0, 0
59.5, 20,0, 0,0, 0,0, 0
59.5, 21,0, 0,0, 0,0, 0
59.5, 22,0, 0,0, 0,0, 0
59.5, 23,0, 0,0, 0,0, 0
59.5, 24,0, 0,0, 0,0, 0
59.5, 25,0, 0,0, 0,0, 0
59.5, 26,0, 0,0, 0,0, 0
59.5, 27,0, 0,0, 0,0, 0
64.5, 0,0, 0,0, 0,0, 0
64.5, 1,0, 0,0, 0,0, 0
64.5, 2,0, 0,0, 0,0, 0
64.5, 3,0, 0,0, 0,0, 0
64.5, 4,0, 0,0, 0,0, 0
64.5, 5,0, 0,0, 0,0, 0
64.5, 6,0, 0,0, 0,0, 0
64.5, 7,0, 0,0, 0,0, 0
64.5, 8,0, 0,0, 0,0, 0
64.5, 9,0, 0,0, 0,0, 0
64.5, 10,0, 0,0, 0,0, 0
64.5, 11,0, 0,0, 0,0, 0
64.5, 12,0, 0,0, 0,0, 0
64.5, 13,0, 0,0, 0,0, 0
64.5, 14,0, 0,0, 0,0, 0
64.5, 15,0, 0,0, 0,0, 0
64.5, 16,0, 0,0, 0,0, 0
64.5, 17,0, 0,0, 0,0, 0
64.5, 18,0, 0,0, 0,0, 0
64.5, 19,0, 0,0, 0,0, 0
64.5, 20,0, 0,0, 0,0, 0
64.5, 21,0, 0,0, 0,0, 0
64.5, 22,0, 0,0, 0,0, 0
64.5, 23,0, 0,0, 0,0, 0
64.5, 24,0, 0,0, 0,0, 0
64.5, 25,0, 0,0, 0,0, 0
64.5, 26,0, 0,0, 0,0, 0
64.5, 27,0, 0,0, 0,0, 0
69.5, 0,0, 0,0, 0,0, 0
69.5, 1,0, 0,0, 0,0, 0
69.5, 2,0, 0,0, 0,0, 0
69.5, 3,0, 0,0, 0,0, 0
69.5, 4,0, 0,0, 0,0, 0
69.5, 5,0, 0,0, 0,0, 0
69.5, 6,0, 0,0, 0,0, 0
69.5, 7,0, 0,0, 0,0, 0
69.5, 8,0, 0,0, 0,0, 0
69.5, 9,0, 0,0, 0,0, 0
69.5, 10,0, 0,0, 0,0, 0
69.5, 11,0, 0,0, 0,0, 0
69.5, 12,0, 0,0, 0,0, 0
69.5, 13,0, 0,0, 0,0, 0
69.5, 14,0, 0,0, 0,0, 0
69.5, 15,0, 0,0, 0,0, 0
69.5, 16,0, 0,0, 0,0, 0
69.5, 17,0, 0,0, 0,0, 0
69.5, 18,0, 0,0, 0,0, 0
69.5, 19,0, 0,0, 0,0, 0
69.5, 20,0, 0,0, 0,0, 0
69.5, 21,0, 0,0, 0,0, 0
69.5, 22,0, 0,0, 0,0, 0
69.5, 23,0, 0,0, 0,0, 0
69.5, 24,0, 0,0, 0,0, 0
69.5, 25,0, 0,0, 0,0, 0
69.5, 26,0, 0,0, 0,0, 0
69.5, 27,0, 0,0, 0,0, 0
74.5, 0,0, 0,0, 0,0, 0
74.5, 1,0, 0,0, 0,0, 0
74.5, 2,0, 0,0, 0,0, 0
74.5, 3,0, 0,0, 0,0, 0
74.5, 4,0, 0,0, 0,0, 0
74.5, 5,0, 0,0, 0,0, 0
74.5, 6,0, 0,0, 0,0, 0
74.5, 7,0, 0,0, 0,0, 0
74.5, 8,0, 0,0, 0,0, 0
74.5, 9,0, 0,0, 0,0, 0
74.5, 10,0, 0,0, 0,0, 0
74.5, 11,0, 0,0, 0,0, 0
74.5, 12,0, 0,0, 0,0, 0
74.5, 13,0, 0,0, 0,0, 0
74.5, 14,0, 0,0, 0,0, 0
74.5, 15,0, 0,0, 0,0, 0
74.5, 16,0, 0,0, 0,0, 0
74.5, 17,0, 0,0, 0,0, 0
74.5, 18,0, 0,0, 0,0, 0
74.5, 19,0, 0,0, 0,0, 0
74.5, 20,0, 0,0, 0,0, 0
74.5, 21,0, 0,0, 0,0, 0
74.5, 22,0, 0,0, 0,0, 0
74.5, 23,0, 0,0, 0,0, 0
74.5, 24,0, 0,0, 0,0, 0
74.5, 25,0, 0,0, 0,0, 0
74.5, 26,0, 0,0, 0,0, 0
74.5, 27,0, 0,0, 0,0, 0
79.5, 0,0, 0,0, 0,0, 0
79.5, 1,0, 0,0, 0,0, 0
79.5, 2,0, 0,0, 0,0, 0
79.5, 3,0, 0,0, 0,0, 0
79.5, 4,0, 0,0, 0,0, 0
79.5, 5,0, 0,0, 0,0, 0
79.5, 6,0, 0,0, 0,0, 0
79.5, 7,0, 0,0, 0,0, 0
79.5, 8,0, 0,0, 0,0, 0
79.5, 9,0, 0,0, 0,0, 0
79.5, 10,0, 0,0, 0,0, 0
79.5, 11,0, 0,0, 0,0, 0
79.5, 12,0, 0,0, 0,0, 0
79.5, 13,0, 0,0, 0,0, 0
79.5, 14,0, 0,0, 0,0, 0
79.5, 15,0, 0,0, 0,0, 0
79.5, 16,0, 0,0, 0,0, 0
79.5, 17,0, 0,0, 0,0, 0
79.5, 18,0, 0,0, 0,0, 0
79.5, 19,0, 0,0, 0,0, 0
79.5, 20,0, 0,0, 0,0, 0
79.5, 21,0, 0,0, 0,0, 0
79.5, 22,0, 0,0, 0,0, 0
79.5, 23,0, 0,0, 0,0, 0
79.5, 24,0, 0,0, 0,0, 0
79.5, 25,0, 0,0, 0,0, 0
79.5, 26,0, 0,0, 0,0, 0
79.5, 27,0, 0,0, 0,0, 0
84.5, 0,0, 0,0, 0,0, 0
84.5, 1,0, 0,0, 0,0, 0
84.5, 2,0, 0,0, 0,0, 0
84.5, 3,0, 0,0, 0,0, 0
84.5, 4,0, 0,0, 0,0, 0
84.5, 5,0, 0,0, 0,0, 0
84.5, 6,0, 0,0, 0,0, 0
84.5, 7,0, 0,0, 0,0, 0
84.5, 8,0, 0,0, 0,0, 0
84.5, 9,0, 0,0, 0,0, 0
84.5, 10,0, 0,0, 0,0, 0
84.5, 11,0, 0,0, 0,0, 0
84.5, 12,0, 0,0, 0,0, 0
84.5, 13,0, 0,0, 0,0, 0
84.5, 14,0, 0,0, 0,0, 0
84.5, 15,0, 0,0, 0,0, 0
84.5, 16,0, 0,0, 0,0, 0
84.5, 17,0, 0,0, 0,0, 0
84.5, 18,0, 0,0, 0,0, 0
84.5, 19,0, 0,0, 0,0, 0
84.5, 20,0, 0,0, 0,0, 0
84.5, 21,0, 0,0, 0,0, 0
84.5, 22,0, 0,0, 0,0, 0
84.5, 23,0, 0,0, 0,0, 0
84.5, 24,0, 0,0, 0,0, 0
84.5, 25,0, 0,0, 0,0, 0
84.5, 26,0, 0,0, 0,0, 0
84.5, 27,0, 0,0, 0,0, 0
89.5, 0,0, 0,0, 0,0, 0
89.5, 1,0, 0,0, 0,0, 0
89.5, 2,0, 0,0, 0,0, 0
89.5, 3,0, 0,0, 0,0, 0
89.5, 4,0, 0,0, 0,0, 0
89.5, 5,0, 0,0, 0,0, 0
89.5, 6,0, 0,0, 0,0, 0
89.5, 7,0, 0,0, 0,0, 0
89.5, 8,0, 0,0, 0,0, 0
89.5, 9,0, 0,0, 0,0, 0
89.5, 10,0, 0,0, 0,0, 0
89.5, 11,0, 0,0, 0,0, 0
89.5, 12,0, 0,0, 0,0, 0
89.5, 13,0, 0,0, 0,0, 0
89.5, 14,0, 0,0, 0,0, 0
89.5, 15,0, 0,0, 0,0, 0
89.5, 16,0, 0,0, 0,0, 0
89.5, 17,0, 0,0, 0,0, 0
89.5, 18,0, 0,0, 0,0, 0
89.5, 19,0, 0,0, 0,0, 0
89.5, 20,0, 0,0, 0,0, 0
89.5, 21,0, 0,0, 0,0, 0
89.5, 22,0, 0,0, 0,0, 0
89.5, 23,0, 0,0, 0,0, 0
89.5, 24,0, 0,0, 0,0, 0
89.5, 25,0, 0,0, 0,0, 0
89.5, 26,0, 0,0, 0,0, 0
89.5, 27,0, 0,0, 0,0, 0
94.5, 0,0, 0,0, 0,0, 0
94.5, 1,0, 0,0, 0,0, 0
94.5, 2,0, 0,0, 0,0, 0
94.5, 3,0, 0,0, 0,0, 0
94.5, 4,0, 0,0, 0,0, 0
94.5, 5,0, 0,0, 0,0, 0
94.5, 6,0, 0,0, 0,0, 0
94.5, 7,0, 0,0, 0,0, 0
94.5, 8,0, 0,0, 0,0, 0
94.5, 9,0, 0,0, 0,0, 0
94.5, 10,0, 0,0, 0,0, 0
94.5, 11,0, 0,0, 0,0, 0
94.5, 12,0, 0,0, 0,0, 0
94.5, 13,0, 0,0, 0,0, 0
94.5, 14,0, 0,0, 0,0, 0
94.5, 15,0, 0,0, 0,0, 0
94.5, 16,0, 0,0, 0,0, 0
94.5, 17,0, 0,0, 0,0, 0
94.5, 18,0, 0,0, 0,0, 0
94.5, 19,0, 0,0, 0,0, 0
94.5, 20,0, 0,0, 0,0, 0
94.5, 21,0, 0,0, 0,0, 0
94.5, 22,0, 0,0, 0,0, 0
94.5, 23,0, 0,0, 0,0, 0
94.5, 24,0, 0,0, 0,0, 0
94.5, 25,0, 0,0, 0,0, 0
94.5, 26,0, 0,0, 0,0, 0
94.5, 27,0, 0,0, 0,0, 0
99.5, 0,0, 0,0, 0,0, 0
99.5, 1,0, 0,0, 0,0, 0
99.5, 2,0, 0,0, 0,0, 0
99.5, 3,0, 0,0, 0,0, 0
99.5, 4,0, 0,0, 0,0, 0
99.5, 5,0, 0,0, 0,0, 0
99.5, 6,0, 0,0, 0,0, 0
99.5, 7,0, 0,0, 0,0, 0
99.5, 8,0, 0,0, 0,0, 0
99.5, 9,0, 0,0, 0,0, 0
99.5, 10,0, 0,0, 0,0, 0
99.5, 11,0, 0,0, 0,0, 0
99.5, 12,0, 0,0, 0,0, 0
99.5, 13,0, 0,0, 0,0, 0
99.5, 14,0, 0,0, 0,0, 0
99.5, 15,0, 0,0, 0,0, 0
99.5, 16,0, 0,0, 0,0, 0
99.5, 17,0, 0,0, 0,0, 0
99.5, 18,0, 0,0, 0,0, 0
99.5, 19,0, 0,0, 0,0, 0
99.5, 20,0, 0,0, 0,0, 0
99.5, 21,0, 0,0, 0,0, 0
99.5, 22,0, 0,0, 0,0, 0
99.5, 23,0, 0,0, 0,0, 0
99.5, 24,0, 0,0, 0,0, 0
99.5, 25,0, 0,0, 0,0, 0
99.5, 26,0, 0,0, 0,0, 0
99.5, 27,0, 0,0, 0,0, 0
104.5, 0,0, 0,0, 0,0, 0
104.5, 1,0, 0,0, 0,0, 0
104.5, 2,0, 0,0, 0,0, 0
104.5, 3,0, 0,0, 0,0, 0
104.5, 4,0, 0,0, 0,0, 0
104.5, 5,0, 0,0, 0,0, 0
104.5, 6,0, 0,0, 0,0, 0
104.5, 7,0, 0,0, 0,0, 0
104.5, 8,0, 0,0, 0,0, 0
104.5, 9,0, 0,0, 0,0, 0
104.5, 10,0, 0,0, 0,0, 0
104.5, 11,0, 0,0, 0,0, 0
104.5, 12,0, 0,0, 0,0, 0
104.5, 13,0, 0,0, 0,0, 0
104.5, 14,0, 0,0, 0,0, 0
104.5, 15,0, 0,0, 0,0, 0
104.5, 16,0, 0,0, 0,0, 0
104.5, 17,0, 0,0, 0,0, 0
104.5, 18,0, 0,0, 0,0, 0
104.5, 19,0, 0,0, 0,0, 0
104.5, 20,0, 0,0, 0,0, 0
104.5, 21,0, 0,0, 0,0, 0
104.5, 22,0, 0,0, 0,0, 0
104.5, 23,0, 0,0, 0,0, 0
104.5, 24,0, 0,0, 0,0, 0
104.5, 25,0, 0,0, 0,0, 0
104.5, 26,0, 0,0, 0,0, 0
104.5, 27,0, 0,0, 0,0, 0
109.5, 0,0, 0,0, 0,0, 0
109.5, 1,0, 0,0, 0,0, 0
109.5, 2,0, 0,0, 0,0, 0
109.5, 3,0, 0,0, 0,0, 0
109.5, 4,0, 0,0, 0,0, 0
109.5, 5,0, 0,0, 0,0, 0
109.5, 6,0, 0,0, 0,0, 0
109.5, 7,0, 0,0, 0,0, 0
109.5, 8,0, 0,0, 0,0, 0
109.5, 9,0, 0,0, 0,0, 0
109.5, 10,0, 0,0, 0,0, 0
109.5, 11,0, 0,0, 0,0, 0
109.5, 12,0, 0,0, 0,0, 0
109.5, 13,0, 0,0, 0,0, 0
109.5, 14,0, 0,0, 0,0, 0
109.5, 15,0, 0,0, 0,0, 0
109.5, 16,0, 0,0, 0,0, 0
109.5, 17,0, 0,0, 0,0, 0
109.5, 18,0, 0,0, 0,0, 0
109.5, 19,0, 0,0, 0,0, 0
109.5, 20,0, 0,0, 0,0, 0
109.5, 21,0, 0,0, 0,0, 0
109.5, 22,0, 0,0, 0,0, 0
109.5, 23,0, 0,0, 0,0, 0
109.5, 24,0, 0,0, 0,0, 0
109.5, 25,0, 0,0, 0,0, 0
109.5, 26,0, 0,0, 0,0, 0
109.5, 27,0, 0,0, 0,0, 0
114.5, 0,0, 0,0, 0,0, 0
114.5, 1,0, 0,0, 0,0, 0
114.5, 2,0, 0,0, 0,0, 0
114.5, 3,0, 0,0, 0,0, 0
114.5, 4,0, 0,0, 0,0, 0
114.5, 5,0, 0,0, 0,0, 0
114.5, 6,0, 0,0, 0,0, 0
114.5, 7,0, 0,0, 0,0, 0
114.5, 8,0, 0,0, 0,0, 0
114.5, 9,0, 0,0, 0,0, 0
114.5, 10,0, 0,0, 0,0, 0
114.5, 11,0, 0,0, 0,0, 0
114.5, 12,0, 0,0, 0,0, 0
114.5, 13,0, 0,0, 0,0, 0
114.5, 14,0, 0,0, 0,0, 0
114.5, 15,0, 0,0, 0,0, 0
114.5, 16,0, 0,0, 0,0, 0
114.5, 17,0, 0,0, 0,0, 0
114.5, 18,0, 0,0, 0,0, 0
114.5, 19,0, 0,0, 0,0, 0
114.5, 20,0, 0,0, 0,0, 0
114.5, 21,0, 0,0, 0,0, 0
114.5, 22,0, 0,0, 0,0, 0
114.5, 23,0, 0,0, 0,0, 0
114.5, 24,0, 0,0, 0,0, 0
114.5, 25,0, 0,0, 0,0, 0
114.5, 26,0, 0,0, 0,0, 0
114.5, 27,0, 0,0, 0,0, 0
119.5, 0,0, 0,0, 0,0, 0
119.5, 1,0, 0,0, 0,0, 0
119.5, 2,0, 0,0, 0,0, 0
119.5, 3,0, 0,0, 0,0, 0
119.5, 4,0, 0,0, 0,0, 0
119.5, 5,0, 0,0, 0,0, 0
119.5, 6,0, 0,0, 0,0, 0
119.5, 7,0, 0,0, 0,0, 0
119.5, 8,0, 0,0, 0,0, 0
119.5, 9,0, 0,0, 0,0, 0
119.5, 10,0, 0,0, 0,0, 0
119.5, 11,0, 0,0, 0,0, 0
119.5, 12,0, 0,0, 0,0, 0
119.5, 13,0, 0,0, 0,0, 0
119.5, 14,0, 0,0, 0,0, 0
119.5, 15,0, 0,0, 0,0, 0
119.5, 16,0, 0,0, 0,0, 0
119.5, 17,0, 0,0, 0,0, 0
119.5, 18,0, 0,0, 0,0, 0
119.5, 19,0, 0,0, 0,0, 0
119.5, 20,0, 0,0, 0,0, 0
119.5, 21,0, 0,0, 0,0, 0
119.5, 22,0, 0,0, 0,0, 0
119.5, 23,0, 0,0, 0,0, 0
119.5, 24,0, 0,0, 0,0, 0
119.5, 25,0, 0,0, 0,0, 0
119.5, 26,0, 0,0, 0,0, 0
119.5, 27,0, 0,0, 0,0, 0
124.5, 0,0, 0,0, 0,0, 0
124.5, 1,0, 0,0, 0,0, 0
124.5, 2,0, 0,0, 0,0, 0
124.5, 3,0, 0,0, 0,0, 0
124.5, 4,0, 0,0, 0,0, 0
124.5, 5,0, 0,0, 0,0, 0
124.5, 6,0, 0,0, 0,0, 0
124.5, 7,0, 0,0, 0,0, 0
124.5, 8,0, 0,0, 0,0, 0
124.5, 9,0, 0,0, 0,0, 0
124.5, 10,0, 0,0, 0,0, 0
124.5, 11,0, 0,0, 0,0, 0
124.5, 12,0, 0,0, 0,0, 0
124.5, 13,0, 0,0, 0,0, 0
124.5, 14,0, 0,0, 0,0, 0
124.5, 15,0, 0,0, 0,0, 0
124.5, 16,0, 0,0, 0,0, 0
124.5, 17,0, 0,0, 0,0, 0
124.5, 18,0, 0,0, 0,0, 0
124.5, 19,0, 0,0, 0,0, 0
124.5, 20,0, 0,0, 0,0, 0
124.5, 21,0, 0,0, 0,0, 0
124.5, 22,0, 0,0, 0,0, 0
124.5, 23,0, 0,0, 0,0, 0
124.5, 24,0, 0,0, 0,0, 0
124.5, 25,0, 0,0, 0,0, 0
124.5, 26,0, 0,0, 0,0, 0
124.5, 27,0, 0,0, 0,0, 0
129.5, 0,0, 0,0, 0,0, 0
129.5, 1,0, 0,0, 0,0, 0
129.5, 2,0, 0,0, 0,0, 0
129.5, 3,0, 0,0, 0,0, 0
129.5, 4,0, 0,0, 0,0, 0
129.5, 5,0, 0,0, 0,0, 0
129.5, 6,0, 0,0, 0,0, 0
129.5, 7,0, 0,0, 0,0, 0
129.5, 8,0, 0,0, 0,0, 0
129.5, 9,0, 0,0, 0,0, 0
129.5, 10,0, 0,0, 0,0, 0
129.5, 11,0, 0,0, 0,0, 0
129.5, 12,0, 0,0, 0,0, 0
129.5, 13,0, 0,0, 0,0, 0
129.5, 14,0, 0,0, 0,0, 0
129.5, 15,0, 0,0, 0,0, 0
129.5, 16,0, 0,0, 0,0, 0
129.5, 17,0, 0,0, 0,0, 0
129.5, 18,0, 0,0, 0,0, 0
129.5, 19,0, 0,0, 0,0, 0
129.5, 20,0, 0,0, 0,0, 0
129.5, 21,0, 0,0, 0,0, 0
129.5, 22,0, 0,0, 0,0, 0
129.5, 23,0, 0,0, 0,0, 0
129.5, 24,0, 0,0, 0,0, 0
129.5, 25,0, 0,0, 0,0, 0
129.5, 26,0, 0,0, 0,0, 0
129.5, 27,0, 0,0, 0,0, 0
134.5, 0,0, 0,0, 0,0, 0
134.5, 1,0, 0,0, 0,0, 0
134.5, 2,0, 0,0, 0,0, 0
134.5, 3,0, 0,0, 0,0, 0
134.5, 4,0, 0,0, 0,0, 0
134.5, 5,0, 0,0, 0,0, 0
134.5, 6,0, 0,0, 0,0, 0
134.5, 7,0, 0,0, 0,0, 0
134.5, 8,0, 0,0, 0,0, 0
134.5, 9,0, 0,0, 0,0, 0
134.5, 10,0, 0,0, 0,0, 0
134.5, 11,0, 0,0, 0,0, 0
134.5, 12,0, 0,0, 0,0, 0
134.5, 13,0, 0,0, 0,0, 0
134.5, 14,0, 0,0, 0,0, 0
134.5, 15,0, 0,0, 0,0, 0
134.5, 16,0, 0,0, 0,0, 0
134.5, 17,0, 0,0, 0,0, 0
134.5, 18,0, 0,0, 0,0, 0
134.5, 19,0, 0,0, 0,0, 0
134.5, 20,0, 0,0, 0,0, 0
134.5, 21,0, 0,0, 0,0, 0
134.5, 22,0, 0,0, 0,0, 0
134.5, 23,0, 0,0, 0,0, 0
134.5, 24,0, 0,0, 0,0, 0
134.5, 25,0, 0,0, 0,0, 0
134.5, 26,0, 0,0, 0,0, 0
134.5, 27,0, 0,0, 0,0, 0
139.5, 0,0, 0,0, 0,0, 0
139.5, 1,0, 0,0, 0,0, 0
139.5, 2,0, 0,0, 0,0, 0
139.5, 3,0, 0,0, 0,0, 0
139.5, 4,0, 0,0, 0,0, 0
139.5, 5,0, 0,0, 0,0, 0
139.5, 6,0, 0,0, 0,0, 0
139.5, 7,0, 0,0, 0,0, 0
139.5, 8,0, 0,0, 0,0, 0
139.5, 9,0, 0,0, 0,0, 0
139.5, 10,0, 0,0, 0,0, 0
139.5, 11,0, 0,0, 0,0, 0
139.5, 12,0, 0,0, 0,0, 0
139.5, 13,0, 0,0, 0,0, 0
139.5, 14,0, 0,0, 0,0, 0
139.5, 15,0, 0,0, 0,0, 0
139.5, 16,0, 0,0, 0,0, 0
139.5, 17,0, 0,0, 0,0, 0
139.5, 18,0, 0,0, 0,0, 0
139.5, 19,0, 0,0, 0,0, 0
139.5, 20,0, 0,0, 0,0, 0
139.5, 21,0, 0,0, 0,0, 0
139.5, 22,0, 0,0, 0,0, 0
139.5, 23,0, 0,0, 0,0, 0
139.5, 24,0, 0,0, 0,0, 0
139.5, 25,0, 0,0, 0,0, 0
139.5, 26,0, 0,0, 0,0, 0
139.5, 27,0, 0,0, 0,0, 0
144.5, 0,0, 0,0, 0,0, 0
144.5, 1,0, 0,0, 0,0, 0
144.5, 2,0, 0,0, 0,0, 0
144.5, 3,0, 0,0, 0,0, 0
144.5, 4,0, 0,0, 0,0, 0
144.5, 5,0, 0,0, 0,0, 0
144.5, 6,0, 0,0, 0,0, 0
144.5, 7,0, 0,0, 0,0, 0
144.5, 8,0, 0,0, 0,0, 0
144.5, 9,0, 0,0, 0,0, 0
144.5, 10,0, 0,0, 0,0, 0
144.5, 11,0, 0,0, 0,0, 0
144.5, 12,0, 0,0, 0,0, 0
144.5, 13,0, 0,0, 0,0, 0
144.5, 14,0, 0,0, 0,0, 0
144.5, 15,0, 0,0, 0,0, 0
144.5, 16,0, 0,0, 0,0, 0
144.5, 17,0, 0,0, 0,0, 0
144.5, 18,0, 0,0, 0,0, 0
144.5, 19,0, 0,0, 0,0, 0
144.5, 20,0, 0,0, 0,0, 0
144.5, 21,0, 0,0, 0,0, 0
144.5, 22,0, 0,0, 0,0, 0
144.5, 23,0, 0,0, 0,0, 0
144.5, 24,0, 0,0, 0,0, 0
144.5, 25,0, 0,0, 0,0, 0
144.5, 26,0, 0,0, 0,0, 0
144.5, 27,0, 0,0, 0,0, 0
149.5, 0,0, 0,0, 0,0, 0
149.5, 1,0, 0,0, 0,0, 0
149.5, 2,0, 0,0, 0,0, 0
149.5, 3,0, 0,0, 0,0, 0
149.5, 4,0, 0,0, 0,0, 0
149.5, 5,0, 0,0, 0,0, 0
149.5, 6,0, 0,0, 0,0, 0
149.5, 7,0, 0,0, 0,0, 0
149.5, 8,0, 0,0, 0,0, 0
149.5, 9,0, 0,0, 0,0, 0
149.5, 10,0, 0,0, 0,0, 0
149.5, 11,0, 0,0, 0,0, 0
149.5, 12,0, 0,0, 0,0, 0
149.5, 13,0, 0,0, 0,0, 0
149.5, 14,0, 0,0, 0,0, 0
149.5, 15,0, 0,0, 0,0, 0
149.5, 16,0, 0,0, 0,0, 0
149.5, 17,0, 0,0, 0,0, 0
149.5, 18,0, 0,0, 0,0, 0
149.5, 19,0, 0,0, 0,0, 0
149.5, 20,0, 0,0, 0,0, 0
149.5, 21,0, 0,0, 0,0, 0
149.5, 22,0, 0,0, 0,0, 0
149.5, 23,0, 0,0, 0,0, 0
149.5, 24,0, 0,0, 0,0, 0
149.5, 25,0, 0,0, 0,0, 0
149.5, 26,0, 0,0, 0,0, 0
149.5, 27,0, 0,0, 0,0, 0
154.5, 0,0, 0,0, 0,0, 0
154.5, 1,0, 0,0, 0,0, 0
154.5, 2,0, 0,0, 0,0, 0
154.5, 3,0, 0,0, 0,0, 0
154.5, 4,0, 0,0, 0,0, 0
154.5, 5,0, 0,0, 0,0, 0
154.5, 6,0, 0,0, 0,0, 0
154.5, 7,0, 0,0, 0,0, 0
154.5, 8,0, 0,0, 0,0, 0
154.5, 9,0, 0,0, 0,0, 0
154.5, 10,0, 0,0, 0,0, 0
154.5, 11,0, 0,0, 0,0, 0
154.5, 12,0, 0,0, 0,0, 0
154.5, 13,0, 0,0, 0,0, 0
154.5, 14,0, 0,0, 0,0, 0
154.5, 15,0, 0,0, 0,0, 0
154.5, 16,0, 0,0, 0,0, 0
154.5, 17,0, 0,0, 0,0, 0
154.5, 18,0, 0,0, 0,0, 0
154.5, 19,0, 0,0, 0,0, 0
154.5, 20,0, 0,0, 0,0, 0
154.5, 21,0, 0,0, 0,0, 0
154.5, 22,0, 0,0, 0,0, 0
154.5, 23,0, 0,0, 0,0, 0
154.5, 24,0, 0,0, 0,0, 0
154.5, 25,0, 0,0, 0,0, 0
154.5, 26,0, 0,0, 0,0, 0
154.5, 27,0, 0,0, 0,0, 0
159.5, 0,0, 0,0, 0,0, 0
159.5, 1,0, 0,0, 0,0, 0
159.5, 2,0, 0,0, 0,0, 0
159.5, 3,0, 0,0, 0,0, 0
159.5, 4,0, 0,0, 0,0, 0
159.5, 5,0, 0,0, 0,0, 0
159.5, 6,0, 0,0, 0,0, 0
159.5, 7,0, 0,0, 0,0, 0
159.5, 8,0, 0,0, 0,0, 0
159.5, 9,0, 0,0, 0,0, 0
159.5, 10,0, 0,0, 0,0, 0
159.5, 11,0, 0,0, 0,0, 0
159.5, 12,0, 0,0, 0,0, 0
159.5, 13,0, 0,0, 0,0, 0
159.5, 14,0, 0,0, 0,0, 0
159.5, 15,0, 0,0, 0,0, 0
159.5, 16,0, 0,0, 0,0, 0
159.5, 17,0, 0,0, 0,0, 0
159.5, 18,0, 0,0, 0,0, 0
159.5, 19,0, 0,0, 0,0, 0
159.5, 20,0, 0,0, 0,0, 0
159.5, 21,0, 0,0, 0,0, 0
159.5, 22,0, 0,0, 0,0, 0
159.5, 23,0, 0,0, 0,0, 0
159.5, 24,0, 0,0, 0,0, 0
159.5, 25,0, 0,0, 0,0, 0
159.5, 26,0, 0,0, 0,0, 0
159.5, 27,0, 0,0, 0,0, 0
164.5, 0,0, 0,0, 0,0, 0
164.5, 1,0, 0,0, 0,0, 0
164.5, 2,0, 0,0, 0,0, 0
164.5, 3,0, 0,0, 0,0, 0
164.5, 4,0, 0,0, 0,0, 0
164.5, 5,0, 0,0, 0,0, 0
164.5, 6,0, 0,0, 0,0, 0
164.5, 7,0, 0,0, 0,0, 0
164.5, 8,0, 0,0, 0,0, 0
164.5, 9,0, 0,0, 0,0, 0
164.5, 10,0, 0,0, 0,0, 0
164.5, 11,0, 0,0, 0,0, 0
164.5, 12,0, 0,0, 0,0, 0
164.5, 13,0, 0,0, 0,0, 0
164.5, 14,0, 0,0, 0,0, 0
164.5, 15,0, 0,0, 0,0, 0
164.5, 16,0, 0,0, 0,0, 0
164.5, 17,0, 0,0, 0,0, 0
164.5, 18,0, 0,0, 0,0, 0
164.5, 19,0, 0,0, 0,0, 0
164.5, 20,0, 0,0, 0,0, 0
164.5, 21,0, 0,0, 0,0, 0
164.5, 22,0, 0,0, 0,0, 0
164.5, 23,0, 0,0, 0,0, 0
164.5, 24,0, 0,0, 0,0, 0
164.5, 25,0, 0,0, 0,0, 0
164.5, 26,0, 0,0, 0,0, 0
164.5, 27,0, 0,0, 0,0, 0
169.5, 0,0, 0,0, 0,0, 0
169.5, 1,0, 0,0, 0,0, 0
169.5, 2,0, 0,0, 0,0, 0
169.5, 3,0, 0,0, 0,0, 0
169.5, 4,0, 0,0, 0,0, 0
169.5, 5,0, 0,0, 0,0, 0
169.5, 6,0, 0,0, 0,0, 0
169.5, 7,0, 0,0, 0,0, 0
169.5, 8,0, 0,0, 0,0, 0
169.5, 9,0, 0,0, 0,0, 0
169.5, 10,0, 0,0, 0,0, 0
169.5, 11,0, 0,0, 0,0, 0
169.5, 12,0, 0,0, 0,0, 0
169.5, 13,0, 0,0, 0,0, 0
169.5, 14,0, 0,0, 0,0, 0
169.5, 15,0, 0,0, 0,0, 0
169.5, 16,0, 0,0, 0,0, 0
169.5, 17,0, 0,0, 0,0, 0
169.5, 18,0, 0,0, 0,0, 0
169.5, 19,0, 0,0, 0,0, 0
169.5, 20,0, 0,0, 0,0, 0
169.5, 21,0, 0,0, 0,0, 0
169.5, 22,0, 0,0, 0,0, 0
169.5, 23,0, 0,0, 0,0, 0
169.5, 24,0, 0,0, 0,0, 0
169.5, 25,0, 0,0, 0,0, 0
169.5, 26,0, 0,0, 0,0, 0
169.5, 27,0, 0,0, 0,0, 0
174.5, 0,0, 0,0, 0,0, 0
174.5, 1,0, 0,0, 0,0, 0
174.5, 2,0, 0,0, 0,0, 0
174.5, 3,0, 0,0, 0,0, 0
174.5, 4,0, 0,0, 0,0, 0
174.5, 5,0, 0,0, 0,0, 0
174.5, 6,0, 0,0, 0,0, 0
174.5, 7,0, 0,0, 0,0, 0
174.5, 8,0, 0,0, 0,0, 0
174.5, 9,0, 0,0, 0,0, 0
174.5, 10,0, 0,0, 0,0, 0
174.5, 11,0, 0,0, 0,0, 0
174.5, 12,0, 0,0, 0,0, 0
174.5, 13,0, 0,0, 0,0, 0
174.5, 14,0, 0,0, 0,0, 0
174.5, 15,0, 0,0, 0,0, 0
174.5, 16,0, 0,0, 0,0, 0
174.5, 17,0, 0,0, 0,0, 0
174.5, 18,0, 0,0, 0,0, 0
174.5, 19,0, 0,0, 0,0, 0
174.5, 20,0, 0,0, 0,0, 0
174.5, 21,0, 0,0, 0,0, 0
174.5, 22,0, 0,0, 0,0, 0
174.5, 23,0, 0,0, 0,0, 0
174.5, 24,0, 0,0, 0,0, 0
174.5, 25,0, 0,0, 0,0, 0
174.5, 26,0, 0,0, 0,0, 0
174.5, 27,0, 0,0, 0,0, 0
179.5, 0,0, 0,0, 0,0, 0
179.5, 1,0, 0,0, 0,0, 0
179.5, 2,0, 0,0, 0,0, 0
179.5, 3,0, 0,0, 0,0, 0
179.5, 4,0, 0,0, 0,0, 0
179.5, 5,0, 0,0, 0,0, 0
179.5, 6,0, 0,0, 0,0, 0
179.5, 7,0, 0,0, 0,0, 0
179.5, 8,0, 0,0, 0,0, 0
179.5, 9,0, 0,0, 0,0, 0
179.5, 10,0, 0,0, 0,0, 0
179.5, 11,0, 0,0, 0,0, 0
179.5, 12,0, 0,0, 0,0, 0
179.5, 13,0, 0,0, 0,0, 0
179.5, 14,0, 0,0, 0,0, 0
179.5, 15,0, 0,0, 0,0, 0
179.5, 16,0, 0,0, 0,0, 0
179.5, 17,0, 0,0, 0,0, 0
179.5, 18,0, 0,0, 0,0, 0
179.5, 19,0, 0,0, 0,0, 0
179.5, 20,0, 0,0, 0,0, 0
179.5, 21,0, 0,0, 0,0, 0
179.5, 22,0, 0,0, 0,0, 0
179.5, 23,0, 0,0, 0,0, 0
179.5, 24,0, 0,0, 0,0, 0
179.5, 25,0, 0,0, 0,0, 0
179.5, 26,0, 0,0, 0,0, 0
179.5, 27,0, 0,0, 0,0, 0
184.5, 0,0, 0,0, 0,0, 0
184.5, 1,0, 0,0, 0,0, 0
184.5, 2,0, 0,0, 0,0, 0
184.5, 3,0, 0,0, 0,0, 0
184.5, 4,0, 0,0, 0,0, 0
184.5, 5,0, 0,0, 0,0, 0
184.5, 6,0, 0,0, 0,0, 0
184.5, 7,0, 0,0, 0,0, 0
184.5, 8,0, 0,0, 0,0, 0
184.5, 9,0, 0,0, 0,0, 0
184.5, 10,0, 0,0, 0,0, 0
184.5, 11,0, 0,0, 0,0, 0
184.5, 12,0, 0,0, 0,0, 0
184.5, 13,0, 0,0, 0,0, 0
184.5, 14,0, 0,0, 0,0, 0
184.5, 15,0, 0,0, 0,0, 0
184.5, 16,0, 0,0, 0,0, 0
184.5, 17,0, 0,0, 0,0, 0
184.5, 18,0, 0,0, 0,0, 0
184.5, 19,0, 0,0, 0,0, 0
184.5, 20,0, 0,0, 0,0, 0
184.5, 21,0, 0,0, 0,0, 0
184.5, 22,0, 0,0, 0,0, 0
184.5, 23,0, 0,0, 0,0, 0
184.5, 24,0, 0,0, 0,0, 0
184.5, 25,0, 0,0, 0,0, 0
184.5, 26,0, 0,0, 0,0, 0
184.5, 27,0, 0,0, 0,0, 0
189.5, 0,0, 0,0, 0,0, 0
189.5, 1,0, 0,0, 0,0, 0
189.5, 2,0, 0,0, 0,0, 0
189.5, 3,0, 0,0, 0,0, 0
189.5, 4,0, 0,0, 0,0, 0
189.5, 5,0, 0,0, 0,0, 0
189.5, 6,0, 0,0, 0,0, 0
189.5, 7,0, 0,0, 0,0, 0
189.5, 8,0, 0,0, 0,0, 0
189.5, 9,0, 0,0, 0,0, 0
189.5, 10,0, 0,0, 0,0, 0
189.5, 11,0, 0,0, 0,0, 0
189.5, 12,0, 0,0, 0,0, 0
189.5, 13,0, 0,0, 0,0, 0
189.5, 14,0, 0,0, 0,0, 0
189.5, 15,0, 0,0, 0,0, 0
189.5, 16,0, 0,0, 0,0, 0
189.5, 17,0, 0,0, 0,0, 0
189.5, 18,0, 0,0, 0,0, 0
189.5, 19,0, 0,0, 0,0, 0
189.5, 20,0, 0,0, 0,0, 0
189.5, 21,0, 0,0, 0,0, 0
189.5, 22,0, 0,0, 0,0, 0
189.5, 23,0, 0,0, 0,0, 0
189.5, 24,0, 0,0, 0,0, 0
189.5, 25,0, 0,0, 0,0, 0
189.5, 26,0, 0,0, 0,0, 0
189.5, 27,0, 0,0, 0,0, 0
194.5, 0,0, 0,0, 0,0, 0
194.5, 1,0, 0,0, 0,0, 0
194.5, 2,0, 0,0, 0,0, 0
194.5, 3,0, 0,0, 0,0, 0
194.5, 4,0, 0,0, 0,0, 0
194.5, 5,0, 0,0, 0,0, 0
194.5, 6,0, 0,0, 0,0, 0
194.5, 7,0, 0,0, 0,0, 0
194.5, 8,0, 0,0, 0,0, 0
194.5, 9,0, 0,0, 0,0, 0
194.5, 10,0, 0,0, 0,0, 0
194.5, 11,0, 0,0, 0,0, 0
194.5, 12,0, 0,0, 0,0, 0
194.5, 13,0, 0,0, 0,0, 0
194.5, 14,0, 0,0, 0,0, 0
194.5, 15,0, 0,0, 0,0, 0
194.5, 16,0, 0,0, 0,0, 0
194.5, 17,0, 0,0, 0,0, 0
194.5, 18,0, 0,0, 0,0, 0
194.5, 19,0, 0,0, 0,0, 0
194.5, 20,0, 0,0, 0,0, 0
194.5, 21,0, 0,0, 0,0, 0
194.5, 22,0, 0,0, 0,0, 0
194.5, 23,0, 0,0, 0,0, 0
194.5, 24,0, 0,0, 0,0, 0
194.5, 25,0, 0,0, 0,0, 0
194.5, 26,0, 0,0, 0,0, 0
194.5, 27,0, 0,0, 0,0, 0
199.5, 0,0, 0,0, 0,0, 0
199.5, 1,0, 0,0, 0,0, 0
199.5, 2,0, 0,0, 0,0, 0
199.5, 3,0, 0,0, 0,0, 0
199.5, 4,0, 0,0, 0,0, 0
199.5, 5,0, 0,0, 0,0, 0
199.5, 6,0, 0,0, 0,0, 0
199.5, 7,0, 0,0, 0,0, 0
199.5, 8,0, 0,0, 0,0, 0
199.5, 9,0, 0,0, 0,0, 0
199.5, 10,0, 0,0, 0,0, 0
199.5, 11,0, 0,0, 0,0, 0
199.5, 12,0, 0,0, 0,0, 0
199.5, 13,0, 0,0, 0,0, 0
199.5, 14,0, 0,0, 0,0, 0
199.5, 15,0, 0,0, 0,0, 0
199.5, 16,0, 0,0, 0,0, 0
199.5, 17,0, 0,0, 0,0, 0
199.5, 18,0, 0,0, 0,0, 0
199.5, 19,0, 0,0, 0,0, 0
199.5, 20,0, 0,0, 0,0, 0
199.5, 21,0, 0,0, 0,0, 0
199.5, 22,0, 0,0, 0,0, 0
199.5, 23,0, 0,0, 0,0, 0
199.5, 24,0, 0,0, 0,0, 0
199.5, 25,0, 0,0, 0,0, 0
199.5, 26,0, 0,0, 0,0, 0
199.5, 27,0, 0,0, 0,0, 0
204.5, 0,0, 0,0, 0,0, 0
204.5, 1,0, 0,0, 0,0, 0
204.5, 2,0, 0,0, 0,0, 0
204.5, 3,0, 0,0, 0,0, 0
204.5, 4,0, 0,0, 0,0, 0
204.5, 5,0, 0,0, 0,0, 0
204.5, 6,0, 0,0, 0,0, 0
204.5, 7,0, 0,0, 0,0, 0
204.5, 8,0, 0,0, 0,0, 0
204.5, 9,0, 0,0, 0,0, 0
204.5, 10,0, 0,0, 0,0, 0
204.5, 11,0, 0,0, 0,0, 0
204.5, 12,0, 0,0, 0,0, 0
204.5, 13,0, 0,0, 0,0, 0
204.5, 14,0, 0,0, 0,0, 0
204.5, 15,0, 0,0, 0,0, 0
204.5, 16,0, 0,0, 0,0, 0
204.5, 17,0, 0,0, 0,0, 0
204.5, 18,0, 0,0, 0,0, 0
204.5, 19,0, 0,0, 0,0, 0
204.5, 20,0, 0,0, 0,0, 0
204.5, 21,0, 0,0, 0,0, 0
204.5, 22,0, 0,0, 0,0, 0
204.5, 23,0, 0,0, 0,0, 0
204.5, 24,0, 0,0, 0,0, 0
204.5, 25,0, 0,0, 0,0, 0
204.5, 26,0, 0,0, 0,0, 0
204.5, 27,0, 0,0, 0,0, 0
209.5, 0,0, 0,0, 0,0, 0
209.5, 1,0, 0,0, 0,0, 0
209.5, 2,0, 0,0, 0,0, 0
209.5, 3,0, 0,0, 0,0, 0
209.5, 4,0, 0,0, 0,0, 0
209.5, 5,0, 0,0, 0,0, 0
209.5, 6,0, 0,0, 0,0, 0
209.5, 7,0, 0,0, 0,0, 0
209.5, 8,0, 0,0, 0,0, 0
209.5, 9,0, 0,0, 0,0, 0
209.5, 10,0, 0,0, 0,0, 0
209.5, 11,0, 0,0, 0,0, 0
209.5, 12,0, 0,0, 0,0, 0
209.5, 13,0, 0,0, 0,0, 0
209.5, 14,0, 0,0, 0,0, 0
209.5, 15,0, 0,0, 0,0, 0
209.5, 16,0, 0,0, 0,0, 0
209.5, 17,0, 0,0, 0,0, 0
209.5, 18,0, 0,0, 0,0, 0
209.5, 19,0, 0,0, 0,0, 0
209.5, 20,0, 0,0, 0,0, 0
209.5, 21,0, 0,0, 0,0, 0
209.5, 22,0, 0,0, 0,0, 0
209.5, 23,0, 0,0, 0,0, 0
209.5, 24,0, 0,0, 0,0, 0
209.5, 25,0, 0,0, 0,0, 0
209.5, 26,0, 0,0, 0,0, 0
209.5, 27,0, 0,0, 0,0, 0
214.5, 0,0, 0,0, 0,0, 0
214.5, 1,0, 0,0, 0,0, 0
214.5, 2,0, 0,0, 0,0, 0
214.5, 3,0, 0,0, 0,0, 0
214.5, 4,0, 0,0, 0,0, 0
214.5, 5,0, 0,0, 0,0, 0
214.5, 6,0, 0,0, 0,0, 0
214.5, 7,0, 0,0, 0,0, 0
214.5, 8,0, 0,0, 0,0, 0
214.5, 9,0, 0,0, 0,0, 0
214.5, 10,0, 0,0, 0,0, 0
214.5, 11,0, 0,0, 0,0, 0
214.5, 12,0, 0,0, 0,0, 0
214.5, 13,0, 0,0, 0,0, 0
214.5, 14,0, 0,0, 0,0, 0
214.5, 15,0, 0,0, 0,0, 0
214.5, 16,0, 0,0, 0,0, 0
214.5, 17,0, 0,0, 0,0, 0
214.5, 18,0, 0,0, 0,0, 0
214.5, 19,0, 0,0, 0,0, 0
214.5, 20,0, 0,0, 0,0, 0
214.5, 21,0, 0,0, 0,0, 0
214.5, 22,0, 0,0, 0,0, 0
214.5, 23,0, 0,0, 0,0, 0
214.5, 24,0, 0,0, 0,0, 0
214.5, 25,0, 0,0, 0,0, 0
214.5, 26,0, 0,0, 0,0, 0
214.5, 27,0, 0,0, 0,0, 0
219.5, 0,0, 0,0, 0,0, 0
219.5, 1,0, 0,0, 0,0, 0
219.5, 2,0, 0,0, 0,0, 0
219.5, 3,0, 0,0, 0,0, 0
219.5, 4,0, 0,0, 0,0, 0
219.5, 5,0, 0,0, 0,0, 0
219.5, 6,0, 0,0, 0,0, 0
219.5, 7,0, 0,0, 0,0, 0
219.5, 8,0, 0,0, 0,0, 0
219.5, 9,0, 0,0, 0,0, 0
219.5, 10,0, 0,0, 0,0, 0
219.5, 11,0, 0,0, 0,0, 0
219.5, 12,0, 0,0, 0,0, 0
219.5, 13,0, 0,0, 0,0, 0
219.5, 14,0, 0,0, 0,0, 0
219.5, 15,0, 0,0, 0,0, 0
219.5, 16,0, 0,0, 0,0, 0
219.5, 17,0, 0,0, 0,0, 0
219.5, 18,0, 0,0, 0,0, 0
219.5, 19,0, 0,0, 0,0, 0
219.5, 20,0, 0,0, 0,0, 0
219.5, 21,0, 0,0, 0,0, 0
219.5, 22,0, 0,0, 0,0, 0
219.5, 23,0, 0,0, 0,0, 0
219.5, 24,0, 0,0, 0,0, 0
219.5, 25,0, 0,0, 0,0, 0
219.5, 26,0, 0,0, 0,0, 0
219.5, 27,0, 0,0, 0,0, 0
224.5, 0,0, 0,0, 0,0, 0
224.5, 1,0, 0,0, 0,0, 0
224.5, 2,0, 0,0, 0,0, 0
224.5, 3,0, 0,0, 0,0, 0
224.5, 4,0, 0,0, 0,0, 0
224.5, 5,0, 0,0, 0,0, 0
224.5, 6,0, 0,0, 0,0, 0
224.5, 7,0, 0,0, 0,0, 0
224.5, 8,0, 0,0, 0,0, 0
224.5, 9,0, 0,0, 0,0, 0
224.5, 10,0, 0,0, 0,0, 0
224.5, 11,0, 0,0, 0,0, 0
224.5, 12,0, 0,0, 0,0, 0
224.5, 13,0, 0,0, 0,0, 0
224.5, 14,0, 0,0, 0,0, 0
224.5, 15,0, 0,0, 0,0, 0
224.5, 16,0, 0,0, 0,0, 0
224.5, 17,0, 0,0, 0,0, 0
224.5, 18,0, 0,0, 0,0, 0
224.5, 19,0, 0,0, 0,0, 0
224.5, 20,0, 0,0, 0,0, 0
224.5, 21,0, 0,0, 0,0, 0
224.5, 22,0, 0,0, 0,0, 0
224.5, 23,0, 0,0, 0,0, 0
224.5, 24,0, 0,0, 0,0, 0
224.5, 25,0, 0,0, 0,0, 0
224.5, 26,0, 0,0, 0,0, 0
224.5, 27,0, 0,0, 0,0, 0
229.5, 0,0, 0,0, 0,0, 0
229.5, 1,0, 0,0, 0,0, 0
229.5, 2,0, 0,0, 0,0, 0
229.5, 3,0, 0,0, 0,0, 0
229.5, 4,0, 0,0, 0,0, 0
229.5, 5,0, 0,0, 0,0, 0
229.5, 6,0, 0,0, 0,0, 0
229.5, 7,0, 0,0, 0,0, 0
229.5, 8,0, 0,0, 0,0, 0
229.5, 9,0, 0,0, 0,0, 0
229.5, 10,0, 0,0, 0,0, 0
229.5, 11,0, 0,0, 0,0, 0
229.5, 12,0, 0,0, 0,0, 0
229.5, 13,0, 0,0, 0,0, 0
229.5, 14,0, 0,0, 0,0, 0
229.5, 15,0, 0,0, 0,0, 0
229.5, 16,0, 0,0, 0,0, 0
229.5, 17,0, 0,0, 0,0, 0
229.5, 18,0, 0,0, 0,0, 0
229.5, 19,0, 0,0, 0,0, 0
229.5, 20,0, 0,0, 0,0, 0
229.5, 21,0, 0,0, 0,0, 0
229.5, 22,0, 0,0, 0,0, 0
229.5, 23,0, 0,0, 0,0, 0
229.5, 24,0, 0,0, 0,0, 0
229.5, 25,0, 0,0, 0,0, 0
229.5, 26,0, 0,0, 0,0, 0
229.5, 27,0, 0,0, 0,0, 0
234.5, 0,0, 0,0, 0,0, 0
234.5, 1,0, 0,0, 0,0, 0
234.5, 2,0, 0,0, 0,0, 0
234.5, 3,0, 0,0, 0,0, 0
234.5, 4,0, 0,0, 0,0, 0
234.5, 5,0, 0,0, 0,0, 0
234.5, 6,0, 0,0, 0,0, 0
234.5, 7,0, 0,0, 0,0, 0
234.5, 8,0, 0,0, 0,0, 0
234.5, 9,0, 0,0, 0,0, 0
234.5, 10,0, 0,0, 0,0, 0
234.5, 11,0, 0,0, 0,0, 0
234.5, 12,0, 0,0, 0,0, 0
234.5, 13,0, 0,0, 0,0, 0
234.5, 14,0, 0,0, 0,0, 0
234.5, 15,0, 0,0, 0,0, 0
234.5, 16,0, 0,0, 0,0, 0
234.5, 17,0, 0,0, 0,0, 0
234.5, 18,0, 0,0, 0,0, 0
234.5, 19,0, 0,0, 0,0, 0
234.5, 20,0, 0,0, 0,0, 0
234.5, 21,0, 0,0, 0,0, 0
234.5, 22,0, 0,0, 0,0, 0
234.5, 23,0, 0,0, 0,0, 0
234.5, 24,0, 0,0, 0,0, 0
234.5, 25,0, 0,0, 0,0, 0
234.5, 26,0, 0,0, 0,0, 0
234.5, 27,0, 0,0, 0,0, 0
239.5, 0,0, 0,0, 0,0, 0
239.5, 1,0, 0,0, 0,0, 0
239.5, 2,0, 0,0, 0,0, 0
239.5, 3,0, 0,0, 0,0, 0
239.5, 4,0, 0,0, 0,0, 0
239.5, 5,0, 0,0, 0,0, 0
239.5, 6,0, 0,0, 0,0, 0
239.5, 7,0, 0,0, 0,0, 0
239.5, 8,0, 0,0, 0,0, 0
239.5, 9,0, 0,0, 0,0, 0
239.5, 10,0, 0,0, 0,0, 0
239.5, 11,0, 0,0, 0,0, 0
239.5, 12,0, 0,0, 0,0, 0
239.5, 13,0, 0,0, 0,0, 0
239.5, 14,0, 0,0, 0,0, 0
239.5, 15,0, 0,0, 0,0, 0
239.5, 16,0, 0,0, 0,0, 0
239.5, 17,0, 0,0, 0,0, 0
239.5, 18,0, 0,0, 0,0, 0
239.5, 19,0, 0,0, 0,0, 0
239.5, 20,0, 0,0, 0,0, 0
239.5, 21,0, 0,0, 0,0, 0
239.5, 22,0, 0,0, 0,0, 0
239.5, 23,0, 0,0, 0,0, 0
239.5, 24,0, 0,0, 0,0, 0
239.5, 25,0, 0,0, 0,0, 0
239.5, 26,0, 0,0, 0,0, 0
239.5, 27,0, 0,0, 0,0, 0
244.5, 0,0, 0,0, 0,0, 0
244.5, 1,0, 0,0, 0,0, 0
244.5, 2,0, 0,0, 0,0, 0
244.5, 3,0, 0,0, 0,0, 0
244.5, 4,0, 0,0, 0,0, 0
244.5, 5,0, 0,0, 0,0, 0
244.5, 6,0, 0,0, 0,0, 0
244.5, 7,0, 0,0, 0,0, 0
244.5, 8,0, 0,0, 0,0, 0
244.5, 9,0, 0,0, 0,0, 0
244.5, 10,0, 0,0, 0,0, 0
244.5, 11,0, 0,0, 0,0, 0
244.5, 12,0, 0,0, 0,0, 0
244.5, 13,0, 0,0, 0,0, 0
244.5, 14,0, 0,0, 0,0, 0
244.5, 15,0, 0,0, 0,0, 0
244.5, 16,0, 0,0, 0,0, 0
244.5, 17,0, 0,0, 0,0, 0
244.5, 18,0, 0,0, 0,0, 0
244.5, 19,0, 0,0, 0,0, 0
244.5, 20,0, 0,0, 0,0, 0
244.5, 21,0, 0,0, 0,0, 0
244.5, 22,0, 0,0, 0,0, 0
244.5, 23,0, 0,0, 0,0, 0
244.5, 24,0, 0,0, 0,0, 0
244.5, 25,0, 0,0, 0,0, 0
244.5, 26,0, 0,0, 0,0, 0
244.5, 27,0, 0,0, 0,0, 0
249.5, 0,0, 0,0, 0,0, 0
249.5, 1,0, 0,0, 0,0, 0
249.5, 2,0, 0,0, 0,0, 0
249.5, 3,0, 0,0, 0,0, 0
249.5, 4,0, 0,0, 0,0, 0
249.5, 5,0, 0,0, 0,0, 0
249.5, 6,0, 0,0, 0,0, 0
249.5, 7,0, 0,0, 0,0, 0
249.5, 8,0, 0,0, 0,0, 0
249.5, 9,0, 0,0, 0,0, 0
249.5, 10,0, 0,0, 0,0, 0
249.5, 11,0, 0,0, 0,0, 0
249.5, 12,0, 0,0, 0,0, 0
249.5, 13,0, 0,0, 0,0, 0
249.5, 14,0, 0,0, 0,0, 0
249.5, 15,0, 0,0, 0,0, 0
249.5, 16,0, 0,0, 0,0, 0
249.5, 17,0, 0,0, 0,0, 0
249.5, 18,0, 0,0, 0,0, 0
249.5, 19,0, 0,0, 0,0, 0
249.5, 20,0, 0,0, 0,0, 0
249.5, 21,0, 0,0, 0,0, 0
249.5, 22,0, 0,0, 0,0, 0
249.5, 23,0, 0,0, 0,0, 0
249.5, 24,0, 0,0, 0,0, 0
249.5, 25,0, 0,0, 0,0, 0
249.5, 26,0, 0,0, 0,0, 0
249.5, 27,0, 0,0, 0,0, 0
254.5, 0,0, 0,0, 0,0, 0
254.5, 1,0, 0,0, 0,0, 0
254.5, 2,0, 0,0, 0,0, 0
254.5, 3,0, 0,0, 0,0, 0
254.5, 4,0, 0,0, 0,0, 0
254.5, 5,0, 0,0, 0,0, 0
254.5, 6,0, 0,0, 0,0, 0
254.5, 7,0, 0,0, 0,0, 0
254.5, 8,0, 0,0, 0,0, 0
254.5, 9,0, 0,0, 0,0, 0
254.5, 10,0, 0,0, 0,0, 0
254.5, 11,0, 0,0, 0,0, 0
254.5, 12,0, 0,0, 0,0, 0
254.5, 13,0, 0,0, 0,0, 0
254.5, 14,0, 0,0, 0,0, 0
254.5, 15,0, 0,0, 0,0, 0
254.5, 16,0, 0,0, 0,0, 0
254.5, 17,0, 0,0, 0,0, 0
254.5, 18,0, 0,0, 0,0, 0
254.5, 19,0, 0,0, 0,0, 0
254.5, 20,0, 0,0, 0,0, 0
254.5, 21,0, 0,0, 0,0, 0
254.5, 22,0, 0,0, 0,0, 0
254.5, 23,0, 0,0, 0,0, 0
254.5, 24,0, 0,0, 0,0, 0
254.5, 25,0, 0,0, 0,0, 0
254.5, 26,0, 0,0, 0,0, 0
254.5, 27,0, 0,0, 0,0, 0
259.5, 0,0, 0,0, 0,0, 0
259.5, 1,0, 0,0, 0,0, 0
259.5, 2,0, 0,0, 0,0, 0
259.5, 3,0, 0,0, 0,0, 0
259.5, 4,0, 0,0, 0,0, 0
259.5, 5,0, 0,0, 0,0, 0
259.5, 6,0, 0,0, 0,0, 0
259.5, 7,0, 0,0, 0,0, 0
259.5, 8,0, 0,0, 0,0, 0
259.5, 9,0, 0,0, 0,0, 0
259.5, 10,0, 0,0, 0,0, 0
259.5, 11,0, 0,0, 0,0, 0
259.5, 12,0, 0,0, 0,0, 0
259.5, 13,0, 0,0, 0,0, 0
259.5, 14,0, 0,0, 0,0, 0
259.5, 15,0, 0,0, 0,0, 0
259.5, 16,0, 0,0, 0,0, 0
259.5, 17,0, 0,0, 0,0, 0
259.5, 18,0, 0,0, 0,0, 0
259.5, 19,0, 0,0, 0,0, 0
259.5, 20,0, 0,0, 0,0, 0
259.5, 21,0, 0,0, 0,0, 0
259.5, 22,0, 0,0, 0,0, 0
259.5, 23,0, 0,0, 0,0, 0
259.5, 24,0, 0,0, 0,0, 0
259.5, 25,0, 0,0, 0,0, 0
259.5, 26,0, 0,0, 0,0, 0
259.5, 27,0, 0,0, 0,0, 0
264.5, 0,0, 0,0, 0,0, 0
264.5, 1,0, 0,0, 0,0, 0
264.5, 2,0, 0,0, 0,0, 0
264.5, 3,0, 0,0, 0,0, 0
264.5, 4,0, 0,0, 0,0, 0
264.5, 5,0, 0,0, 0,0, 0
264.5, 6,0, 0,0, 0,0, 0
264.5, 7,0, 0,0, 0,0, 0
264.5, 8,0, 0,0, 0,0, 0
264.5, 9,0, 0,0, 0,0, 0
264.5, 10,0, 0,0, 0,0, 0
264.5, 11,0, 0,0, 0,0, 0
264.5, 12,0, 0,0, 0,0, 0
264.5, 13,0, 0,0, 0,0, 0
264.5, 14,0, 0,0, 0,0, 0
264.5, 15,0, 0,0, 0,0, 0
264.5, 16,0, 0,0, 0,0, 0
264.5, 17,0, 0,0, 0,0, 0
264.5, 18,0, 0,0, 0,0, 0
264.5, 19,0, 0,0, 0,0, 0
264.5, 20,0, 0,0, 0,0, 0
264.5, 21,0, 0,0, 0,0, 0
264.5, 22,0, 0,0, 0,0, 0
264.5, 23,0, 0,0, 0,0, 0
264.5, 24,0, 0,0, 0,0, 0
264.5, 25,0, 0,0, 0,0, 0
264.5, 26,0, 0,0, 0,0, 0
264.5, 27,0, 0,0, 0,0, 0
269.5, 0,0, 0,0, 0,0, 0
269.5, 1,0, 0,0, 0,0, 0
269.5, 2,0, 0,0, 0,0, 0
269.5, 3,0, 0,0, 0,0, 0
269.5, 4,0, 0,0, 0,0, 0
269.5, 5,0, 0,0, 0,0, 0
269.5, 6,0, 0,0, 0,0, 0
269.5, 7,0, 0,0, 0,0, 0
269.5, 8,0, 0,0, 0,0, 0
269.5, 9,0, 0,0, 0,0, 0
269.5, 10,0, 0,0, 0,0, 0
269.5, 11,0, 0,0, 0,0, 0
269.5, 12,0, 0,0, 0,0, 0
269.5, 13,0, 0,0, 0,0, 0
269.5, 14,0, 0,0, 0,0, 0
269.5, 15,0, 0,0, 0,0, 0
269.5, 16,0, 0,0, 0,0, 0
269.5, 17,0, 0,0, 0,0, 0
269.5, 18,0, 0,0, 0,0, 0
269.5, 19,0, 0,0, 0,0, 0
269.5, 20,0, 0,0, 0,0, 0
269.5, 21,0, 0,0, 0,0, 0
269.5, 22,0, 0,0, 0,0, 0
269.5, 23,0, 0,0, 0,0, 0
269.5, 24,0, 0,0, 0,0, 0
269.5, 25,0, 0,0, 0,0, 0
269.5, 26,0, 0,0, 0,0, 0
269.5, 27,0, 0,0, 0,0, 0
274.5, 0,0, 0,0, 0,0, 0
274.5, 1,0, 0,0, 0,0, 0
274.5, 2,0, 0,0, 0,0, 0
274.5, 3,0, 0,0, 0,0, 0
274.5, 4,0, 0,0, 0,0, 0
274.5, 5,0, 0,0, 0,0, 0
274.5, 6,0, 0,0, 0,0, 0
274.5, 7,0, 0,0, 0,0, 0
274.5, 8,0, 0,0, 0,0, 0
274.5, 9,0, 0,0, 0,0, 0
274.5, 10,0, 0,0, 0,0, 0
274.5, 11,0, 0,0, 0,0, 0
274.5, 12,0, 0,0, 0,0, 0
274.5, 13,0, 0,0, 0,0, 0
274.5, 14,0, 0,0, 0,0, 0
274.5, 15,0, 0,0, 0,0, 0
274.5, 16,0, 0,0, 0,0, 0
274.5, 17,0, 0,0, 0,0, 0
274.5, 18,0, 0,0, 0,0, 0
274.5, 19,0, 0,0, 0,0, 0
274.5, 20,0, 0,0, 0,0, 0
274.5, 21,0, 0,0, 0,0, 0
274.5, 22,0, 0,0, 0,0, 0
274.5, 23,0, 0,0, 0,0, 0
274.5, 24,0, 0,0, 0,0, 0
274.5, 25,0, 0,0, 0,0, 0
274.5, 26,0, 0,0, 0,0, 0
274.5, 27,0, 0,0, 0,0, 0
279.5, 0,0, 0,0, 0,0, 0
279.5, 1,0, 0,0, 0,0, 0
279.5, 2,0, 0,0, 0,0, 0
279.5, 3,0, 0,0, 0,0, 0
279.5, 4,0, 0,0, 0,0, 0
279.5, 5,0, 0,0, 0,0, 0
279.5, 6,0, 0,0, 0,0, 0
279.5, 7,0, 0,0, 0,0, 0
279.5, 8,0, 0,0, 0,0, 0
279.5, 9,0, 0,0, 0,0, 0
279.5, 10,0, 0,0, 0,0, 0
279.5, 11,0, 0,0, 0,0, 0
279.5, 12,0, 0,0, 0,0, 0
279.5, 13,0, 0,0, 0,0, 0
279.5, 14,0, 0,0, 0,0, 0
279.5, 15,0, 0,0, 0,0, 0
279.5, 16,0, 0,0, 0,0, 0
279.5, 17,0, 0,0, 0,0, 0
279.5, 18,0, 0,0, 0,0, 0
279.5, 19,0, 0,0, 0,0, 0
279.5, 20,0, 0,0, 0,0, 0
279.5, 21,0, 0,0, 0,0, 0
279.5, 22,0, 0,0, 0,0, 0
279.5, 23,0, 0,0, 0,0, 0
279.5, 24,0, 0,0, 0,0, 0
279.5, 25,0, 0,0, 0,0, 0
279.5, 26,0, 0,0, 0,0, 0
279.5, 27,0, 0,0, 0,0, 0
284.5, 0,0, 0,0, 0,0, 0
284.5, 1,0, 0,0, 0,0, 0
284.5, 2,0, 0,0, 0,0, 0
284.5, 3,0, 0,0, 0,0, 0
284.5, 4,0, 0,0, 0,0, 0
284.5, 5,0, 0,0, 0,0, 0
284.5, 6,0, 0,0, 0,0, 0
284.5, 7,0, 0,0, 0,0, 0
284.5, 8,0, 0,0, 0,0, 0
284.5, 9,0, 0,0, 0,0, 0
284.5, 10,0, 0,0, 0,0, 0
284.5, 11,0, 0,0, 0,0, 0
284.5, 12,0, 0,0, 0,0, 0
284.5, 13,0, 0,0, 0,0, 0
284.5, 14,0, 0,0, 0,0, 0
284.5, 15,0, 0,0, 0,0, 0
284.5, 16,0, 0,0, 0,0, 0
284.5, 17,0, 0,0, 0,0, 0
284.5, 18,0, 0,0, 0,0, 0
284.5, 19,0, 0,0, 0,0, 0
284.5, 20,0, 0,0, 0,0, 0
284.5, 21,0, 0,0, 0,0, 0
284.5, 22,0, 0,0, 0,0, 0
284.5, 23,0, 0,0, 0,0, 0
284.5, 24,0, 0,0, 0,0, 0
284.5, 25,0, 0,0, 0,0, 0
284.5, 26,0, 0,0, 0,0, 0
284.5, 27,0, 0,0, 0,0, 0
289.5, 0,0, 0,0, 0,0, 0
289.5, 1,0, 0,0, 0,0, 0
289.5, 2,0, 0,0, 0,0, 0
289.5, 3,0, 0,0, 0,0, 0
289.5, 4,0, 0,0, 0,0, 0
289.5, 5,0, 0,0, 0,0, 0
289.5, 6,0, 0,0, 0,0, 0
289.5, 7,0, 0,0, 0,0, 0
289.5, 8,0, 0,0, 0,0, 0
289.5, 9,0, 0,0, 0,0, 0
289.5, 10,0, 0,0, 0,0, 0
289.5, 11,0, 0,0, 0,0, 0
289.5, 12,0, 0,0, 0,0, 0
289.5, 13,0, 0,0, 0,0, 0
289.5, 14,0, 0,0, 0,0, 0
289.5, 15,0, 0,0, 0,0, 0
289.5, 16,0, 0,0, 0,0, 0
289.5, 17,0, 0,0, 0,0, 0
289.5, 18,0, 0,0, 0,0, 0
289.5, 19,0, 0,0, 0,0, 0
289.5, 20,0, 0,0, 0,0, 0
289.5, 21,0, 0,0, 0,0, 0
289.5, 22,0, 0,0, 0,0, 0
289.5, 23,0, 0,0, 0,0, 0
289.5, 24,0, 0,0, 0,0, 0
289.5, 25,0, 0,0, 0,0, 0
289.5, 26,0, 0,0, 0,0, 0
289.5, 27,0, 0,0, 0,0, 0
294.5, 0,0, 0,0, 0,0, 0
294.5, 1,0, 0,0, 0,0, 0
294.5, 2,0, 0,0, 0,0, 0
294.5, 3,0, 0,0, 0,0, 0
294.5, 4,0, 0,0, 0,0, 0
294.5, 5,0, 0,0, 0,0, 0
294.5, 6,0, 0,0, 0,0, 0
294.5, 7,0, 0,0, 0,0, 0
294.5, 8,0, 0,0, 0,0, 0
294.5, 9,0, 0,0, 0,0, 0
294.5, 10,0, 0,0, 0,0, 0
294.5, 11,0, 0,0, 0,0, 0
294.5, 12,0, 0,0, 0,0, 0
294.5, 13,0, 0,0, 0,0, 0
294.5, 14,0, 0,0, 0,0, 0
294.5, 15,0, 0,0, 0,0, 0
294.5, 16,0, 0,0, 0,0, 0
294.5, 17,0, 0,0, 0,0, 0
294.5, 18,0, 0,0, 0,0, 0
294.5, 19,0, 0,0, 0,0, 0
294.5, 20,0, 0,0, 0,0, 0
294.5, 21,0, 0,0, 0,0, 0
294.5, 22,0, 0,0, 0,0, 0
294.5, 23,0, 0,0, 0,0, 0
294.5, 24,0, 0,0, 0,0, 0
294.5, 25,0, 0,0, 0,0, 0
294.5, 26,0, 0,0, 0,0, 0
294.5, 27,0, 0,0, 0,0, 0
299.5, 0,0, 0,0, 0,0, 0
299.5, 1,0, 0,0, 0,0, 0
299.5, 2,0, 0,0, 0,0, 0
299.5, 3,0, 0,0, 0,0, 0
299.5, 4,0, 0,0, 0,0, 0
299.5, 5,0, 0,0, 0,0, 0
299.5, 6,0, 0,0, 0,0, 0
299.5, 7,0, 0,0, 0,0, 0
299.5, 8,0, 0,0, 0,0, 0
299.5, 9,0, 0,0, 0,0, 0
299.5, 10,0, 0,0, 0,0, 0
299.5, 11,0, 0,0, 0,0, 0
299.5, 12,0, 0,0, 0,0, 0
299.5, 13,0, 0,0, 0,0, 0
299.5, 14,0, 0,0, 0,0, 0
299.5, 15,0, 0,0, 0,0, 0
299.5, 16,0, 0,0, 0,0, 0
299.5, 17,0, 0,0, 0,0, 0
299.5, 18,0, 0,0, 0,0, 0
299.5, 19,0, 0,0, 0,0, 0
299.5, 20,0, 0,0, 0,0, 0
299.5, 21,0, 0,0, 0,0, 0
299.5, 22,0, 0,0, 0,0, 0
299.5, 23,0, 0,0, 0,0, 0
299.5, 24,0, 0,0, 0,0, 0
299.5, 25,0, 0,0, 0,0, 0
299.5, 26,0, 0,0, 0,0, 0
299.5, 27,0, 0,0, 0,0, 0
